status,type,airline.iataCode,airline.name,arrival.actualTime,arrival.delay,arrival.estimatedTime,arrival.iataCode,arrival.scheduledTime,departure.actualTime,departure.delay,departure.estimatedTime,departure.iataCode,departure.scheduledTime,flight.iataNumber
active,departure,AI,Air India,,,,DEL,2025-09-23T12:45:00.000,2025-09-23T11:04:00.000,34.0,2025-09-23T10:30:00.000,BOM,2025-09-23T10:30:00.000,AI2994
active,departure,BA,British Airways,,,,TRV,2025-09-23T12:50:00.000,2025-09-23T11:22:00.000,47.0,2025-09-23T11:03:00.000,BOM,2025-09-23T10:35:00.000,BA8002
active,departure,VS,Virgin Atlantic,,,,TRV,2025-09-23T12:50:00.000,2025-09-23T11:22:00.000,47.0,2025-09-23T11:03:00.000,BOM,2025-09-23T10:35:00.000,VS8608
active,departure,6E,IndiGo,,,,TRV,2025-09-23T12:50:00.000,2025-09-23T11:22:00.000,47.0,2025-09-23T11:03:00.000,BOM,2025-09-23T10:35:00.000,6E624
active,departure,6E,IndiGo,,14.0,2025-09-23T12:53:00.000,TRZ,2025-09-23T12:40:00.000,2025-09-23T11:16:00.000,41.0,2025-09-23T11:06:00.000,BOM,2025-09-23T10:35:00.000,6E6118
active,departure,QP,Akasa Air,,13.0,2025-09-23T13:42:00.000,DBR,2025-09-23T13:30:00.000,2025-09-23T11:25:00.000,46.0,2025-09-23T10:40:00.000,BOM,2025-09-23T10:40:00.000,QP1529
active,departure,AI,Air India,,12.0,2025-09-23T13:32:00.000,PAT,2025-09-23T13:20:00.000,2025-09-23T11:20:00.000,31.0,2025-09-23T11:03:00.000,BOM,2025-09-23T10:50:00.000,AI2675
active,departure,DL,Delta Air Lines,,,2025-09-23T16:04:00.000,LHR,2025-09-23T16:15:00.000,2025-09-23T11:30:00.000,35.0,2025-09-23T11:14:00.000,BOM,2025-09-23T10:55:00.000,DL5944
active,departure,VN,Vietnam Airlines,,,2025-09-23T16:04:00.000,LHR,2025-09-23T16:15:00.000,2025-09-23T11:30:00.000,35.0,2025-09-23T11:14:00.000,BOM,2025-09-23T10:55:00.000,VN3197
active,departure,VS,Virgin Atlantic,,,2025-09-23T16:04:00.000,LHR,2025-09-23T16:15:00.000,2025-09-23T11:30:00.000,35.0,2025-09-23T11:14:00.000,BOM,2025-09-23T10:55:00.000,VS355
active,departure,VS,Virgin Atlantic,,,,COK,2025-09-23T12:45:00.000,,35.0,2025-09-23T11:30:00.000,BOM,2025-09-23T10:55:00.000,VS8519
active,departure,6E,IndiGo,,,,COK,2025-09-23T12:45:00.000,,35.0,2025-09-23T11:30:00.000,BOM,2025-09-23T10:55:00.000,6E673
active,departure,AI,Air India,,,2025-09-23T12:11:00.000,JGA,2025-09-23T12:25:00.000,2025-09-23T11:19:00.000,20.0,2025-09-23T11:06:00.000,BOM,2025-09-23T11:00:00.000,AI647
active,departure,AI,Air India,,,,HYD,2025-09-23T12:30:00.000,,,2025-09-23T11:00:00.000,BOM,2025-09-23T11:00:00.000,AI2444
active,departure,ET,Ethiopian Airlines,,,2025-09-23T12:53:00.000,JAI,2025-09-23T12:55:00.000,2025-09-23T11:32:00.000,33.0,2025-09-23T11:10:00.000,BOM,2025-09-23T11:00:00.000,ET1757
active,departure,AI,Air India,,,2025-09-23T12:53:00.000,JAI,2025-09-23T12:55:00.000,2025-09-23T11:32:00.000,33.0,2025-09-23T11:10:00.000,BOM,2025-09-23T11:00:00.000,AI2635
active,departure,QP,Akasa Air,,,2025-09-23T13:19:00.000,LKO,2025-09-23T13:20:00.000,2025-09-23T11:29:00.000,29.0,2025-09-23T11:00:00.000,BOM,2025-09-23T11:00:00.000,QP1152
active,departure,QP,Akasa Air,,1.0,2025-09-23T14:06:00.000,IXB,2025-09-23T14:05:00.000,2025-09-23T11:34:00.000,34.0,2025-09-23T11:00:00.000,BOM,2025-09-23T11:00:00.000,QP1385
active,departure,UL,SriLankan Airlines,,,2025-09-23T13:23:00.000,LKO,2025-09-23T13:25:00.000,2025-09-23T11:36:00.000,32.0,2025-09-23T11:15:00.000,BOM,2025-09-23T11:05:00.000,UL3634
active,departure,AI,Air India,,,2025-09-23T13:23:00.000,LKO,2025-09-23T13:25:00.000,2025-09-23T11:36:00.000,32.0,2025-09-23T11:15:00.000,BOM,2025-09-23T11:05:00.000,AI2491
active,departure,AI,Air India,,,2025-09-23T13:29:00.000,ADD,2025-09-23T14:00:00.000,2025-09-23T11:39:00.000,35.0,2025-09-23T11:14:00.000,BOM,2025-09-23T11:05:00.000,AI7566
active,departure,ET,Ethiopian Airlines,,,2025-09-23T13:29:00.000,ADD,2025-09-23T14:00:00.000,2025-09-23T11:39:00.000,35.0,2025-09-23T11:14:00.000,BOM,2025-09-23T11:05:00.000,ET641
active,departure,KL,KLM,,10.0,2025-09-23T14:14:00.000,KTM,2025-09-23T14:05:00.000,2025-09-23T11:38:00.000,33.0,2025-09-23T11:28:00.000,BOM,2025-09-23T11:05:00.000,KL4768
active,departure,6E,IndiGo,,10.0,2025-09-23T14:14:00.000,KTM,2025-09-23T14:05:00.000,2025-09-23T11:38:00.000,33.0,2025-09-23T11:28:00.000,BOM,2025-09-23T11:05:00.000,6E1157
active,departure,EY,Etihad Airways,,,2025-09-23T12:46:00.000,AUH,2025-09-23T13:00:00.000,2025-09-23T11:43:00.000,34.0,2025-09-23T11:42:00.000,BOM,2025-09-23T11:10:00.000,EY201
active,departure,AF,Air France,,,2025-09-23T12:32:00.000,GOI,2025-09-23T12:35:00.000,2025-09-23T11:42:00.000,33.0,2025-09-23T11:33:00.000,BOM,2025-09-23T11:10:00.000,AF6475
active,departure,BA,British Airways,,,2025-09-23T12:32:00.000,GOI,2025-09-23T12:35:00.000,2025-09-23T11:42:00.000,33.0,2025-09-23T11:33:00.000,BOM,2025-09-23T11:10:00.000,BA7926
active,departure,MH,Malaysia Airlines,,,2025-09-23T12:32:00.000,GOI,2025-09-23T12:35:00.000,2025-09-23T11:42:00.000,33.0,2025-09-23T11:33:00.000,BOM,2025-09-23T11:10:00.000,MH5273
active,departure,VS,Virgin Atlantic,,,2025-09-23T12:32:00.000,GOI,2025-09-23T12:35:00.000,2025-09-23T11:42:00.000,33.0,2025-09-23T11:33:00.000,BOM,2025-09-23T11:10:00.000,VS8547
active,departure,6E,IndiGo,,,2025-09-23T12:32:00.000,GOI,2025-09-23T12:35:00.000,2025-09-23T11:42:00.000,33.0,2025-09-23T11:33:00.000,BOM,2025-09-23T11:10:00.000,6E5307
active,departure,6E,IndiGo,,1.0,2025-09-23T13:21:00.000,AGR,2025-09-23T13:20:00.000,2025-09-23T11:46:00.000,36.0,2025-09-23T11:20:00.000,BOM,2025-09-23T11:10:00.000,6E5316
active,departure,AI,Air India,,14.0,2025-09-23T12:53:00.000,UDR,2025-09-23T12:40:00.000,2025-09-23T11:49:00.000,34.0,2025-09-23T11:20:00.000,BOM,2025-09-23T11:15:00.000,AI2593
active,departure,JL,Jet Linx Aviation,,2.0,2025-09-23T13:32:00.000,DEL,2025-09-23T13:30:00.000,2025-09-23T11:50:00.000,35.0,2025-09-23T11:30:00.000,BOM,2025-09-23T11:15:00.000,JL9260
active,departure,QF,Qantas,,2.0,2025-09-23T13:32:00.000,DEL,2025-09-23T13:30:00.000,2025-09-23T11:50:00.000,35.0,2025-09-23T11:30:00.000,BOM,2025-09-23T11:15:00.000,QF5282
active,departure,VS,Virgin Atlantic,,2.0,2025-09-23T13:32:00.000,DEL,2025-09-23T13:30:00.000,2025-09-23T11:50:00.000,35.0,2025-09-23T11:30:00.000,BOM,2025-09-23T11:15:00.000,VS8531
active,departure,6E,IndiGo,,2.0,2025-09-23T13:32:00.000,DEL,2025-09-23T13:30:00.000,2025-09-23T11:50:00.000,35.0,2025-09-23T11:30:00.000,BOM,2025-09-23T11:15:00.000,6E6827
active,departure,AI,Air India,,10.0,2025-09-23T13:15:00.000,BLR,2025-09-23T13:05:00.000,2025-09-23T11:56:00.000,37.0,2025-09-23T11:28:00.000,BOM,2025-09-23T11:20:00.000,AI2632
active,departure,ET,Ethiopian Airlines,,1.0,2025-09-23T12:40:00.000,GOI,2025-09-23T12:40:00.000,2025-09-23T11:51:00.000,31.0,2025-09-23T11:28:00.000,BOM,2025-09-23T11:20:00.000,ET1755
active,departure,AI,Air India,,1.0,2025-09-23T12:40:00.000,GOI,2025-09-23T12:40:00.000,2025-09-23T11:51:00.000,31.0,2025-09-23T11:28:00.000,BOM,2025-09-23T11:20:00.000,AI2841
active,departure,SG,SpiceJet,,,2025-09-23T12:53:00.000,PBD,2025-09-23T13:00:00.000,2025-09-23T11:58:00.000,29.0,2025-09-23T11:39:00.000,BOM,2025-09-23T11:30:00.000,SG2905
active,departure,BA,British Airways,,,2025-09-23T13:15:00.000,BLR,2025-09-23T13:20:00.000,2025-09-23T11:53:00.000,23.0,2025-09-23T11:25:00.000,BOM,2025-09-23T11:30:00.000,BA8019
active,departure,JL,Jet Linx Aviation,,,2025-09-23T13:15:00.000,BLR,2025-09-23T13:20:00.000,2025-09-23T11:53:00.000,23.0,2025-09-23T11:25:00.000,BOM,2025-09-23T11:30:00.000,JL9758
active,departure,KL,KLM,,,2025-09-23T13:15:00.000,BLR,2025-09-23T13:20:00.000,2025-09-23T11:53:00.000,23.0,2025-09-23T11:25:00.000,BOM,2025-09-23T11:30:00.000,KL4761
active,departure,QF,Qantas,,,2025-09-23T13:15:00.000,BLR,2025-09-23T13:20:00.000,2025-09-23T11:53:00.000,23.0,2025-09-23T11:25:00.000,BOM,2025-09-23T11:30:00.000,QF5058
active,departure,VS,Virgin Atlantic,,,2025-09-23T13:15:00.000,BLR,2025-09-23T13:20:00.000,2025-09-23T11:53:00.000,23.0,2025-09-23T11:25:00.000,BOM,2025-09-23T11:30:00.000,VS8496
active,departure,6E,IndiGo,,,2025-09-23T13:15:00.000,BLR,2025-09-23T13:20:00.000,2025-09-23T11:53:00.000,23.0,2025-09-23T11:25:00.000,BOM,2025-09-23T11:30:00.000,6E5217
unknown,departure,MA,MAE Aircraft Management,,,,BAH,2025-09-23T13:00:00.000,,,,BOM,2025-09-23T11:30:00.000,MA6304
active,departure,AI,Air India,,2.0,2025-09-23T14:31:00.000,CCU,2025-09-23T14:30:00.000,2025-09-23T12:07:00.000,27.0,2025-09-23T11:48:00.000,BOM,2025-09-23T11:40:00.000,AI2471
active,departure,NH,ANA,,,2025-09-23T19:44:00.000,SIN,2025-09-23T19:50:00.000,2025-09-23T12:13:00.000,28.0,2025-09-23T11:49:00.000,BOM,2025-09-23T11:45:00.000,NH6285
active,departure,NZ,Air New Zealand,,,2025-09-23T19:44:00.000,SIN,2025-09-23T19:50:00.000,2025-09-23T12:13:00.000,28.0,2025-09-23T11:49:00.000,BOM,2025-09-23T11:45:00.000,NZ3201
active,departure,SQ,Singapore Airlines,,,2025-09-23T19:44:00.000,SIN,2025-09-23T19:50:00.000,2025-09-23T12:13:00.000,28.0,2025-09-23T11:49:00.000,BOM,2025-09-23T11:45:00.000,SQ421
active,departure,AI,Air India,,,2025-09-23T13:44:00.000,DEL,2025-09-23T14:05:00.000,2025-09-23T12:03:00.000,13.0,2025-09-23T11:44:00.000,BOM,2025-09-23T11:50:00.000,AI2419
active,departure,VS,Virgin Atlantic,,,2025-09-23T13:34:00.000,MAA,2025-09-23T13:50:00.000,2025-09-23T12:01:00.000,11.0,2025-09-23T11:42:00.000,BOM,2025-09-23T11:50:00.000,VS8594
active,departure,6E,IndiGo,,,2025-09-23T13:34:00.000,MAA,2025-09-23T13:50:00.000,2025-09-23T12:01:00.000,11.0,2025-09-23T11:42:00.000,BOM,2025-09-23T11:50:00.000,6E5206
active,departure,TK,Turkish Airlines,,,2025-09-23T13:19:00.000,HYD,2025-09-23T13:35:00.000,2025-09-23T12:11:00.000,17.0,2025-09-23T12:09:00.000,BOM,2025-09-23T11:55:00.000,TK4745
active,departure,VS,Virgin Atlantic,,,2025-09-23T13:19:00.000,HYD,2025-09-23T13:35:00.000,2025-09-23T12:11:00.000,17.0,2025-09-23T12:09:00.000,BOM,2025-09-23T11:55:00.000,VS8556
active,departure,6E,IndiGo,,,2025-09-23T13:19:00.000,HYD,2025-09-23T13:35:00.000,2025-09-23T12:11:00.000,17.0,2025-09-23T12:09:00.000,BOM,2025-09-23T11:55:00.000,6E5097
active,departure,AI,Air India,,4.0,2025-09-23T13:49:00.000,CJB,2025-09-23T13:45:00.000,2025-09-23T12:18:00.000,18.0,2025-09-23T12:03:00.000,BOM,2025-09-23T12:00:00.000,AI683
active,departure,AI,Air India,,,,GOI,2025-09-23T13:15:00.000,2025-09-23T12:53:00.000,53.0,2025-09-23T12:19:00.000,BOM,2025-09-23T12:00:00.000,AI9531
active,departure,IX,Air India Express,,,,GOI,2025-09-23T13:15:00.000,2025-09-23T12:53:00.000,53.0,2025-09-23T12:19:00.000,BOM,2025-09-23T12:00:00.000,IX1070
active,departure,VS,Virgin Atlantic,,,2025-09-23T13:36:00.000,GWL,2025-09-23T14:00:00.000,2025-09-23T12:05:00.000,6.0,2025-09-23T12:02:00.000,BOM,2025-09-23T12:00:00.000,VS8552
active,departure,6E,IndiGo,,,2025-09-23T13:36:00.000,GWL,2025-09-23T14:00:00.000,2025-09-23T12:05:00.000,6.0,2025-09-23T12:02:00.000,BOM,2025-09-23T12:00:00.000,6E5276
active,departure,AI,Air India,,,,BBI,2025-09-23T14:30:00.000,,28.0,2025-09-23T12:33:00.000,BOM,2025-09-23T12:05:00.000,AI9416
active,departure,IX,Air India Express,,,,BBI,2025-09-23T14:30:00.000,,28.0,2025-09-23T12:33:00.000,BOM,2025-09-23T12:05:00.000,IX1238
active,departure,VS,Virgin Atlantic,,,2025-09-23T13:43:00.000,JDH,2025-09-23T13:50:00.000,2025-09-23T11:27:00.000,,2025-09-23T12:04:00.000,BOM,2025-09-23T12:05:00.000,VS8581
active,departure,6E,IndiGo,,,2025-09-23T13:43:00.000,JDH,2025-09-23T13:50:00.000,2025-09-23T11:27:00.000,,2025-09-23T12:04:00.000,BOM,2025-09-23T12:05:00.000,6E5274
active,departure,VS,Virgin Atlantic,,,2025-09-23T13:55:00.000,IXD,2025-09-23T14:15:00.000,2025-09-23T12:15:00.000,10.0,2025-09-23T12:13:00.000,BOM,2025-09-23T12:05:00.000,VS8572
active,departure,6E,IndiGo,,,2025-09-23T13:55:00.000,IXD,2025-09-23T14:15:00.000,2025-09-23T12:15:00.000,10.0,2025-09-23T12:13:00.000,BOM,2025-09-23T12:05:00.000,6E6937
active,departure,AI,Air India,,,2025-09-23T14:14:00.000,DED,2025-09-23T14:20:00.000,2025-09-23T12:17:00.000,7.0,2025-09-23T12:06:00.000,BOM,2025-09-23T12:10:00.000,AI677
active,departure,AI,Air India,,1.0,2025-09-23T14:36:00.000,VNS,2025-09-23T14:35:00.000,2025-09-23T12:44:00.000,30.0,2025-09-23T12:19:00.000,BOM,2025-09-23T12:15:00.000,AI9518
active,departure,IX,Air India Express,,1.0,2025-09-23T14:36:00.000,VNS,2025-09-23T14:35:00.000,2025-09-23T12:44:00.000,30.0,2025-09-23T12:19:00.000,BOM,2025-09-23T12:15:00.000,IX1023
active,departure,AI,Air India,,10.0,2025-09-23T15:14:00.000,CCU,2025-09-23T15:05:00.000,2025-09-23T12:47:00.000,28.0,2025-09-23T12:19:00.000,BOM,2025-09-23T12:20:00.000,AI2901
active,departure,AI,Air India,,4.0,2025-09-23T15:03:00.000,CMB,2025-09-23T15:00:00.000,2025-09-23T12:55:00.000,30.0,2025-09-23T12:29:00.000,BOM,2025-09-23T12:25:00.000,AI276
active,departure,AI,Air India,,,2025-09-23T14:25:00.000,DEL,2025-09-23T14:55:00.000,2025-09-23T12:41:00.000,12.0,2025-09-23T12:09:00.000,BOM,2025-09-23T12:30:00.000,AI2952
active,departure,BA,British Airways,,,2025-09-23T14:29:00.000,DEL,2025-09-23T14:40:00.000,2025-09-23T12:50:00.000,20.0,2025-09-23T12:30:00.000,BOM,2025-09-23T12:30:00.000,BA8777
active,departure,JL,Jet Linx Aviation,,,2025-09-23T14:29:00.000,DEL,2025-09-23T14:40:00.000,2025-09-23T12:50:00.000,20.0,2025-09-23T12:30:00.000,BOM,2025-09-23T12:30:00.000,JL9262
active,departure,QF,Qantas,,,2025-09-23T14:29:00.000,DEL,2025-09-23T14:40:00.000,2025-09-23T12:50:00.000,20.0,2025-09-23T12:30:00.000,BOM,2025-09-23T12:30:00.000,QF5298
active,departure,VS,Virgin Atlantic,,,2025-09-23T14:29:00.000,DEL,2025-09-23T14:40:00.000,2025-09-23T12:50:00.000,20.0,2025-09-23T12:30:00.000,BOM,2025-09-23T12:30:00.000,VS8535
active,departure,6E,IndiGo,,,2025-09-23T14:29:00.000,DEL,2025-09-23T14:40:00.000,2025-09-23T12:50:00.000,20.0,2025-09-23T12:30:00.000,BOM,2025-09-23T12:30:00.000,6E6028
active,departure,VS,Virgin Atlantic,,6.0,2025-09-23T15:06:00.000,PAT,2025-09-23T15:00:00.000,2025-09-23T12:59:00.000,25.0,2025-09-23T12:27:00.000,BOM,2025-09-23T12:35:00.000,VS8602
active,departure,6E,IndiGo,,6.0,2025-09-23T15:06:00.000,PAT,2025-09-23T15:00:00.000,2025-09-23T12:59:00.000,25.0,2025-09-23T12:27:00.000,BOM,2025-09-23T12:35:00.000,6E2043
active,departure,AI,Air India,,,2025-09-23T15:31:00.000,CCU,2025-09-23T15:35:00.000,2025-09-23T13:09:00.000,24.0,2025-09-23T12:43:00.000,BOM,2025-09-23T12:45:00.000,AI9884
active,departure,IX,Air India Express,,,2025-09-23T15:31:00.000,CCU,2025-09-23T15:35:00.000,2025-09-23T13:09:00.000,24.0,2025-09-23T12:43:00.000,BOM,2025-09-23T12:45:00.000,IX2782
active,departure,JL,Jet Linx Aviation,,,2025-09-23T14:19:00.000,BLR,2025-09-23T14:40:00.000,2025-09-23T13:02:00.000,17.0,2025-09-23T12:34:00.000,BOM,2025-09-23T12:45:00.000,JL9760
active,departure,QF,Qantas,,,2025-09-23T14:19:00.000,BLR,2025-09-23T14:40:00.000,2025-09-23T13:02:00.000,17.0,2025-09-23T12:34:00.000,BOM,2025-09-23T12:45:00.000,QF5068
active,departure,VS,Virgin Atlantic,,,2025-09-23T14:19:00.000,BLR,2025-09-23T14:40:00.000,2025-09-23T13:02:00.000,17.0,2025-09-23T12:34:00.000,BOM,2025-09-23T12:45:00.000,VS8495
active,departure,6E,IndiGo,,,2025-09-23T14:19:00.000,BLR,2025-09-23T14:40:00.000,2025-09-23T13:02:00.000,17.0,2025-09-23T12:34:00.000,BOM,2025-09-23T12:45:00.000,6E5212
active,departure,TK,Turkish Airlines,,,,CCU,2025-09-23T15:35:00.000,,215.0,2025-09-23T16:25:00.000,BOM,2025-09-23T12:50:00.000,TK4739
active,departure,VS,Virgin Atlantic,,,,CCU,2025-09-23T15:35:00.000,,215.0,2025-09-23T16:25:00.000,BOM,2025-09-23T12:50:00.000,VS8512
active,departure,6E,IndiGo,,,,CCU,2025-09-23T15:35:00.000,,215.0,2025-09-23T16:25:00.000,BOM,2025-09-23T12:50:00.000,6E5395
active,departure,6E,IndiGo,,,2025-09-23T15:06:00.000,AIP,2025-09-23T15:15:00.000,2025-09-23T13:08:00.000,13.0,2025-09-23T12:55:00.000,BOM,2025-09-23T12:55:00.000,6E5931
active,departure,AI,Air India,,,2025-09-23T14:53:00.000,DEL,2025-09-23T15:15:00.000,2025-09-23T13:11:00.000,11.0,2025-09-23T12:57:00.000,BOM,2025-09-23T13:00:00.000,AI2677
active,departure,QP,Akasa Air,,,2025-09-23T14:57:00.000,DEL,2025-09-23T15:15:00.000,2025-09-23T13:16:00.000,16.0,2025-09-23T13:00:00.000,BOM,2025-09-23T13:00:00.000,QP1127
active,departure,AA,American Airlines,,,2025-09-23T17:38:00.000,LHR,2025-09-23T18:20:00.000,2025-09-23T13:14:00.000,9.0,2025-09-23T13:05:00.000,BOM,2025-09-23T13:05:00.000,AA6660
active,departure,BA,British Airways,,,2025-09-23T17:38:00.000,LHR,2025-09-23T18:20:00.000,2025-09-23T13:14:00.000,9.0,2025-09-23T13:05:00.000,BOM,2025-09-23T13:05:00.000,BA198
active,departure,QP,Akasa Air,,,2025-09-23T14:59:00.000,IXD,2025-09-23T15:20:00.000,2025-09-23T13:17:00.000,13.0,2025-09-23T13:05:00.000,BOM,2025-09-23T13:05:00.000,QP1546
active,departure,QP,Akasa Air,,,2025-09-23T15:18:00.000,VNS,2025-09-23T15:35:00.000,2025-09-23T13:25:00.000,16.0,2025-09-23T13:10:00.000,BOM,2025-09-23T13:10:00.000,QP1498
active,departure,VS,Virgin Atlantic,,,2025-09-23T14:57:00.000,KNU,2025-09-23T15:20:00.000,2025-09-23T13:12:00.000,2.0,2025-09-23T13:10:00.000,BOM,2025-09-23T13:10:00.000,VS8582
active,departure,6E,IndiGo,,,2025-09-23T14:57:00.000,KNU,2025-09-23T15:20:00.000,2025-09-23T13:12:00.000,2.0,2025-09-23T13:10:00.000,BOM,2025-09-23T13:10:00.000,6E824
active,departure,AI,Air India,,,2025-09-23T14:38:00.000,IXE,2025-09-23T15:00:00.000,2025-09-23T13:22:00.000,8.0,2025-09-23T13:07:00.000,BOM,2025-09-23T13:15:00.000,AI9669
active,departure,IX,Air India Express,,,2025-09-23T14:38:00.000,IXE,2025-09-23T15:00:00.000,2025-09-23T13:22:00.000,8.0,2025-09-23T13:07:00.000,BOM,2025-09-23T13:15:00.000,IX2546
active,departure,AI,Air India,,12.0,2025-09-23T16:12:00.000,CCU,2025-09-23T16:00:00.000,2025-09-23T13:52:00.000,28.0,2025-09-23T13:36:00.000,BOM,2025-09-23T13:25:00.000,AI179
active,departure,VS,Virgin Atlantic,,,2025-09-23T15:44:00.000,IXR,2025-09-23T16:00:00.000,2025-09-23T13:44:00.000,19.0,2025-09-23T13:25:00.000,BOM,2025-09-23T13:25:00.000,VS8576
active,departure,6E,IndiGo,,,2025-09-23T15:44:00.000,IXR,2025-09-23T16:00:00.000,2025-09-23T13:44:00.000,19.0,2025-09-23T13:25:00.000,BOM,2025-09-23T13:25:00.000,6E831
active,departure,AI,Air India,,,2025-09-23T14:40:00.000,SHJ,2025-09-23T15:05:00.000,2025-09-23T13:42:00.000,13.0,2025-09-23T13:29:00.000,BOM,2025-09-23T13:30:00.000,AI9171
active,departure,IX,Air India Express,,,2025-09-23T14:40:00.000,SHJ,2025-09-23T15:05:00.000,2025-09-23T13:42:00.000,13.0,2025-09-23T13:29:00.000,BOM,2025-09-23T13:30:00.000,IX251
active,departure,ET,Ethiopian Airlines,,19.0,2025-09-23T15:48:00.000,MAA,2025-09-23T15:30:00.000,2025-09-23T14:10:00.000,36.0,2025-09-23T13:48:00.000,BOM,2025-09-23T13:35:00.000,ET4406
active,departure,AI,Air India,,19.0,2025-09-23T15:48:00.000,MAA,2025-09-23T15:30:00.000,2025-09-23T14:10:00.000,36.0,2025-09-23T13:48:00.000,BOM,2025-09-23T13:35:00.000,AI2615
active,departure,QP,Akasa Air,,,2025-09-23T17:05:00.000,GAU,2025-09-23T17:05:00.000,2025-09-23T14:08:00.000,34.0,2025-09-23T13:35:00.000,BOM,2025-09-23T13:35:00.000,QP1503
active,departure,JL,Jet Linx Aviation,,,2025-09-23T15:20:00.000,DEL,2025-09-23T16:00:00.000,2025-09-23T13:38:00.000,4.0,2025-09-23T13:23:00.000,BOM,2025-09-23T13:35:00.000,JL9264
active,departure,QF,Qantas,,,2025-09-23T15:20:00.000,DEL,2025-09-23T16:00:00.000,2025-09-23T13:38:00.000,4.0,2025-09-23T13:23:00.000,BOM,2025-09-23T13:35:00.000,QF5274
active,departure,VS,Virgin Atlantic,,,2025-09-23T15:20:00.000,DEL,2025-09-23T16:00:00.000,2025-09-23T13:38:00.000,4.0,2025-09-23T13:23:00.000,BOM,2025-09-23T13:35:00.000,VS8524
active,departure,6E,IndiGo,,,2025-09-23T15:20:00.000,DEL,2025-09-23T16:00:00.000,2025-09-23T13:38:00.000,4.0,2025-09-23T13:23:00.000,BOM,2025-09-23T13:35:00.000,6E615
active,departure,6E,IndiGo,,,2025-09-23T15:14:00.000,IXM,2025-09-23T15:55:00.000,2025-09-23T13:33:00.000,,2025-09-23T13:35:00.000,BOM,2025-09-23T13:40:00.000,6E2528
active,departure,VS,Virgin Atlantic,,,2025-09-23T15:57:00.000,SXR,2025-09-23T16:40:00.000,2025-09-23T13:45:00.000,1.0,2025-09-23T13:40:00.000,BOM,2025-09-23T13:45:00.000,VS8606
active,departure,6E,IndiGo,,,2025-09-23T15:57:00.000,SXR,2025-09-23T16:40:00.000,2025-09-23T13:45:00.000,1.0,2025-09-23T13:40:00.000,BOM,2025-09-23T13:45:00.000,6E214
active,departure,VS,Virgin Atlantic,,,2025-09-23T15:52:00.000,MAA,2025-09-23T16:00:00.000,2025-09-23T14:16:00.000,31.0,2025-09-23T14:05:00.000,BOM,2025-09-23T13:45:00.000,VS8596
active,departure,6E,IndiGo,,,2025-09-23T15:52:00.000,MAA,2025-09-23T16:00:00.000,2025-09-23T14:16:00.000,31.0,2025-09-23T14:05:00.000,BOM,2025-09-23T13:45:00.000,6E5337
active,departure,SQ,Singapore Airlines,,,2025-09-23T16:22:00.000,CCU,2025-09-23T16:50:00.000,2025-09-23T13:58:00.000,9.0,2025-09-23T13:41:00.000,BOM,2025-09-23T13:50:00.000,SQ4853
active,departure,AI,Air India,,,2025-09-23T16:22:00.000,CCU,2025-09-23T16:50:00.000,2025-09-23T13:58:00.000,9.0,2025-09-23T13:41:00.000,BOM,2025-09-23T13:50:00.000,AI2773
active,departure,EY,Etihad Airways,,,2025-09-23T14:59:00.000,AUH,2025-09-23T15:35:00.000,2025-09-23T13:59:00.000,10.0,2025-09-23T14:15:00.000,BOM,2025-09-23T13:50:00.000,EY203
unknown,departure,9I,Alliance Air,,,,DIU,2025-09-23T14:55:00.000,,,,BOM,2025-09-23T13:50:00.000,9I623
active,departure,JL,Jet Linx Aviation,,,2025-09-23T15:23:00.000,BLR,2025-09-23T16:05:00.000,2025-09-23T14:05:00.000,5.0,2025-09-23T13:42:00.000,BOM,2025-09-23T14:00:00.000,JL9762
active,departure,QF,Qantas,,,2025-09-23T15:23:00.000,BLR,2025-09-23T16:05:00.000,2025-09-23T14:05:00.000,5.0,2025-09-23T13:42:00.000,BOM,2025-09-23T14:00:00.000,QF5052
active,departure,VS,Virgin Atlantic,,,2025-09-23T15:23:00.000,BLR,2025-09-23T16:05:00.000,2025-09-23T14:05:00.000,5.0,2025-09-23T13:42:00.000,BOM,2025-09-23T14:00:00.000,VS8503
active,departure,6E,IndiGo,,,2025-09-23T15:23:00.000,BLR,2025-09-23T16:05:00.000,2025-09-23T14:05:00.000,5.0,2025-09-23T13:42:00.000,BOM,2025-09-23T14:00:00.000,6E5382
active,departure,BA,British Airways,,,2025-09-23T15:04:00.000,GOI,2025-09-23T15:25:00.000,2025-09-23T14:19:00.000,10.0,2025-09-23T14:00:00.000,BOM,2025-09-23T14:10:00.000,BA8014
active,departure,VS,Virgin Atlantic,,,2025-09-23T15:04:00.000,GOI,2025-09-23T15:25:00.000,2025-09-23T14:19:00.000,10.0,2025-09-23T14:00:00.000,BOM,2025-09-23T14:10:00.000,VS8545
active,departure,6E,IndiGo,,,2025-09-23T15:04:00.000,GOI,2025-09-23T15:25:00.000,2025-09-23T14:19:00.000,10.0,2025-09-23T14:00:00.000,BOM,2025-09-23T14:10:00.000,6E5141
active,departure,AI,Air India,,,2025-09-23T15:35:00.000,UDR,2025-09-23T16:00:00.000,2025-09-23T14:34:00.000,9.0,2025-09-23T14:22:00.000,BOM,2025-09-23T14:25:00.000,AI2595
active,departure,QP,Akasa Air,,,2025-09-23T16:35:00.000,LKO,2025-09-23T16:50:00.000,2025-09-23T14:48:00.000,13.0,2025-09-23T14:35:00.000,BOM,2025-09-23T14:35:00.000,QP1451
active,departure,AI,Air India,,,,DEL,2025-09-23T16:55:00.000,,40.0,2025-09-23T15:20:00.000,BOM,2025-09-23T14:40:00.000,AI2944
active,departure,BA,British Airways,,,2025-09-23T16:01:00.000,NAG,2025-09-23T16:15:00.000,2025-09-23T14:51:00.000,12.0,2025-09-23T14:32:00.000,BOM,2025-09-23T14:40:00.000,BA7945
active,departure,VS,Virgin Atlantic,,,2025-09-23T16:01:00.000,NAG,2025-09-23T16:15:00.000,2025-09-23T14:51:00.000,12.0,2025-09-23T14:32:00.000,BOM,2025-09-23T14:40:00.000,VS8599
active,departure,6E,IndiGo,,,2025-09-23T16:01:00.000,NAG,2025-09-23T16:15:00.000,2025-09-23T14:51:00.000,12.0,2025-09-23T14:32:00.000,BOM,2025-09-23T14:40:00.000,6E6802
active,departure,AI,Air India,,,2025-09-23T16:59:00.000,IXC,2025-09-23T17:15:00.000,2025-09-23T15:04:00.000,20.0,2025-09-23T14:47:00.000,BOM,2025-09-23T14:45:00.000,AI2659
active,departure,6E,IndiGo,,,2025-09-23T15:43:00.000,HBX,2025-09-23T16:00:00.000,2025-09-23T14:50:00.000,6.0,2025-09-23T14:40:00.000,BOM,2025-09-23T14:45:00.000,6E736
active,departure,OV,SalamAir,,,2025-09-23T15:37:00.000,MCT,2025-09-23T16:05:00.000,2025-09-23T14:59:00.000,10.0,2025-09-23T14:43:00.000,BOM,2025-09-23T14:50:00.000,OV8020
active,departure,WY,Oman Air,,,2025-09-23T15:37:00.000,MCT,2025-09-23T16:05:00.000,2025-09-23T14:59:00.000,10.0,2025-09-23T14:43:00.000,BOM,2025-09-23T14:50:00.000,WY204
active,departure,ET,Ethiopian Airlines,,1.0,2025-09-23T16:31:00.000,HYD,2025-09-23T16:30:00.000,2025-09-23T15:22:00.000,23.0,2025-09-23T14:59:00.000,BOM,2025-09-23T15:00:00.000,ET1223
active,departure,SQ,Singapore Airlines,,1.0,2025-09-23T16:31:00.000,HYD,2025-09-23T16:30:00.000,2025-09-23T15:22:00.000,23.0,2025-09-23T14:59:00.000,BOM,2025-09-23T15:00:00.000,SQ4860
active,departure,AI,Air India,,1.0,2025-09-23T16:31:00.000,HYD,2025-09-23T16:30:00.000,2025-09-23T15:22:00.000,23.0,2025-09-23T14:59:00.000,BOM,2025-09-23T15:00:00.000,AI2446
active,departure,SG,SpiceJet,,,2025-09-23T16:52:00.000,VNS,2025-09-23T17:15:00.000,2025-09-23T15:03:00.000,4.0,2025-09-23T14:46:00.000,BOM,2025-09-23T15:00:00.000,SG715
active,departure,6E,IndiGo,,,,GOP,2025-09-23T17:20:00.000,,40.0,2025-09-23T15:40:00.000,BOM,2025-09-23T15:00:00.000,6E5186
active,departure,BA,British Airways,,,2025-09-23T16:54:00.000,DEL,2025-09-23T17:15:00.000,2025-09-23T15:09:00.000,10.0,2025-09-23T14:55:00.000,BOM,2025-09-23T15:00:00.000,BA8775
active,departure,JL,Jet Linx Aviation,,,2025-09-23T16:54:00.000,DEL,2025-09-23T17:15:00.000,2025-09-23T15:09:00.000,10.0,2025-09-23T14:55:00.000,BOM,2025-09-23T15:00:00.000,JL9004
active,departure,QF,Qantas,,,2025-09-23T16:54:00.000,DEL,2025-09-23T17:15:00.000,2025-09-23T15:09:00.000,10.0,2025-09-23T14:55:00.000,BOM,2025-09-23T15:00:00.000,QF5304
active,departure,VS,Virgin Atlantic,,,2025-09-23T16:54:00.000,DEL,2025-09-23T17:15:00.000,2025-09-23T15:09:00.000,10.0,2025-09-23T14:55:00.000,BOM,2025-09-23T15:00:00.000,VS8529
active,departure,6E,IndiGo,,,2025-09-23T16:54:00.000,DEL,2025-09-23T17:15:00.000,2025-09-23T15:09:00.000,10.0,2025-09-23T14:55:00.000,BOM,2025-09-23T15:00:00.000,6E6704
active,departure,BA,British Airways,,,2025-09-23T16:33:00.000,CCJ,2025-09-23T17:00:00.000,2025-09-23T15:07:00.000,7.0,2025-09-23T14:55:00.000,BOM,2025-09-23T15:00:00.000,BA7927
active,departure,6E,IndiGo,,,2025-09-23T16:33:00.000,CCJ,2025-09-23T17:00:00.000,2025-09-23T15:07:00.000,7.0,2025-09-23T14:55:00.000,BOM,2025-09-23T15:00:00.000,6E6931
active,departure,AI,Air India,,11.0,2025-09-23T16:31:00.000,AMD,2025-09-23T16:20:00.000,2025-09-23T15:37:00.000,32.0,2025-09-23T15:11:00.000,BOM,2025-09-23T15:05:00.000,AI2513
active,departure,VS,Virgin Atlantic,,,,CCU,2025-09-23T17:50:00.000,,170.0,2025-09-23T17:55:00.000,BOM,2025-09-23T15:05:00.000,VS8511
active,departure,6E,IndiGo,,,,CCU,2025-09-23T17:50:00.000,,170.0,2025-09-23T17:55:00.000,BOM,2025-09-23T15:05:00.000,6E5354
active,departure,SQ,Singapore Airlines,,,2025-09-23T19:57:00.000,LHR,2025-09-23T20:20:00.000,2025-09-23T15:26:00.000,17.0,2025-09-23T15:20:00.000,BOM,2025-09-23T15:10:00.000,SQ4927
active,departure,AI,Air India,,,2025-09-23T19:57:00.000,LHR,2025-09-23T20:20:00.000,2025-09-23T15:26:00.000,17.0,2025-09-23T15:20:00.000,BOM,2025-09-23T15:10:00.000,AI131
active,departure,SQ,Singapore Airlines,,,2025-09-23T17:05:00.000,DEL,2025-09-23T17:25:00.000,2025-09-23T15:21:00.000,11.0,2025-09-23T15:02:00.000,BOM,2025-09-23T15:10:00.000,SQ4862
active,departure,AI,Air India,,,2025-09-23T17:05:00.000,DEL,2025-09-23T17:25:00.000,2025-09-23T15:21:00.000,11.0,2025-09-23T15:02:00.000,BOM,2025-09-23T15:10:00.000,AI2442
active,departure,JL,Jet Linx Aviation,,,2025-09-23T16:52:00.000,BLR,2025-09-23T17:15:00.000,2025-09-23T15:34:00.000,19.0,2025-09-23T15:05:00.000,BOM,2025-09-23T15:15:00.000,JL9764
active,departure,QF,Qantas,,,2025-09-23T16:52:00.000,BLR,2025-09-23T17:15:00.000,2025-09-23T15:34:00.000,19.0,2025-09-23T15:05:00.000,BOM,2025-09-23T15:15:00.000,QF5072
active,departure,VS,Virgin Atlantic,,,2025-09-23T16:52:00.000,BLR,2025-09-23T17:15:00.000,2025-09-23T15:34:00.000,19.0,2025-09-23T15:05:00.000,BOM,2025-09-23T15:15:00.000,VS8499
active,departure,6E,IndiGo,,,2025-09-23T16:52:00.000,BLR,2025-09-23T17:15:00.000,2025-09-23T15:34:00.000,19.0,2025-09-23T15:05:00.000,BOM,2025-09-23T15:15:00.000,6E5071
active,departure,BA,British Airways,,,2025-09-23T16:13:00.000,AMD,2025-09-23T16:35:00.000,2025-09-23T15:28:00.000,13.0,2025-09-23T15:03:00.000,BOM,2025-09-23T15:15:00.000,BA8005
active,departure,TK,Turkish Airlines,,,2025-09-23T16:13:00.000,AMD,2025-09-23T16:35:00.000,2025-09-23T15:28:00.000,13.0,2025-09-23T15:03:00.000,BOM,2025-09-23T15:15:00.000,TK4669
active,departure,VS,Virgin Atlantic,,,2025-09-23T16:13:00.000,AMD,2025-09-23T16:35:00.000,2025-09-23T15:28:00.000,13.0,2025-09-23T15:03:00.000,BOM,2025-09-23T15:15:00.000,VS8476
active,departure,6E,IndiGo,,,2025-09-23T16:13:00.000,AMD,2025-09-23T16:35:00.000,2025-09-23T15:28:00.000,13.0,2025-09-23T15:03:00.000,BOM,2025-09-23T15:15:00.000,6E5201
active,departure,SQ,Singapore Airlines,,,2025-09-23T17:07:00.000,BLR,2025-09-23T17:25:00.000,2025-09-23T15:47:00.000,27.0,2025-09-23T15:20:00.000,BOM,2025-09-23T15:20:00.000,SQ4873
active,departure,AI,Air India,,,2025-09-23T17:07:00.000,BLR,2025-09-23T17:25:00.000,2025-09-23T15:47:00.000,27.0,2025-09-23T15:20:00.000,BOM,2025-09-23T15:20:00.000,AI2853
active,departure,BA,British Airways,,,2025-09-23T16:39:00.000,HYD,2025-09-23T16:50:00.000,2025-09-23T15:35:00.000,15.0,2025-09-23T15:15:00.000,BOM,2025-09-23T15:20:00.000,BA8789
active,departure,VS,Virgin Atlantic,,,2025-09-23T16:39:00.000,HYD,2025-09-23T16:50:00.000,2025-09-23T15:35:00.000,15.0,2025-09-23T15:15:00.000,BOM,2025-09-23T15:20:00.000,VS8561
active,departure,6E,IndiGo,,,2025-09-23T16:39:00.000,HYD,2025-09-23T16:50:00.000,2025-09-23T15:35:00.000,15.0,2025-09-23T15:15:00.000,BOM,2025-09-23T15:20:00.000,6E5386
active,departure,6E,IndiGo,,,2025-09-23T21:26:00.000,HKT,2025-09-23T21:35:00.000,2025-09-23T15:49:00.000,25.0,2025-09-23T15:27:00.000,BOM,2025-09-23T15:25:00.000,6E1089
active,departure,6E,IndiGo,,,2025-09-23T16:52:00.000,DXB,2025-09-23T16:55:00.000,2025-09-23T15:55:00.000,30.0,2025-09-23T15:34:00.000,BOM,2025-09-23T15:25:00.000,6E1453
active,departure,ET,Ethiopian Airlines,,,2025-09-23T16:39:00.000,GOI,2025-09-23T16:50:00.000,2025-09-23T15:52:00.000,22.0,2025-09-23T15:30:00.000,BOM,2025-09-23T15:30:00.000,ET1153
active,departure,SQ,Singapore Airlines,,,2025-09-23T16:39:00.000,GOI,2025-09-23T16:50:00.000,2025-09-23T15:52:00.000,22.0,2025-09-23T15:30:00.000,BOM,2025-09-23T15:30:00.000,SQ4979
active,departure,AI,Air India,,,2025-09-23T16:39:00.000,GOI,2025-09-23T16:50:00.000,2025-09-23T15:52:00.000,22.0,2025-09-23T15:30:00.000,BOM,2025-09-23T15:30:00.000,AI2745
active,departure,VS,Virgin Atlantic,,4.0,2025-09-23T17:28:00.000,RPR,2025-09-23T17:25:00.000,2025-09-23T15:57:00.000,28.0,2025-09-23T15:37:00.000,BOM,2025-09-23T15:30:00.000,VS8605
active,departure,6E,IndiGo,,4.0,2025-09-23T17:28:00.000,RPR,2025-09-23T17:25:00.000,2025-09-23T15:57:00.000,28.0,2025-09-23T15:37:00.000,BOM,2025-09-23T15:30:00.000,6E2723
active,departure,BA,British Airways,,2.0,2025-09-23T17:37:00.000,MAA,2025-09-23T17:35:00.000,2025-09-23T16:03:00.000,29.0,2025-09-23T15:38:00.000,BOM,2025-09-23T15:35:00.000,BA8791
active,departure,VS,Virgin Atlantic,,2.0,2025-09-23T17:37:00.000,MAA,2025-09-23T17:35:00.000,2025-09-23T16:03:00.000,29.0,2025-09-23T15:38:00.000,BOM,2025-09-23T15:35:00.000,VS8592
active,departure,6E,IndiGo,,2.0,2025-09-23T17:37:00.000,MAA,2025-09-23T17:35:00.000,2025-09-23T16:03:00.000,29.0,2025-09-23T15:38:00.000,BOM,2025-09-23T15:35:00.000,6E5196
active,departure,6E,IndiGo,,29.0,2025-09-23T17:58:00.000,JRG,2025-09-23T17:30:00.000,2025-09-23T16:08:00.000,34.0,2025-09-23T15:53:00.000,BOM,2025-09-23T15:35:00.000,6E6275
active,departure,AI,Air India,,,2025-09-23T17:31:00.000,VGA,2025-09-23T17:45:00.000,2025-09-23T16:06:00.000,11.0,2025-09-23T15:43:00.000,BOM,2025-09-23T15:55:00.000,AI598
active,departure,SQ,Singapore Airlines,,,2025-09-23T17:22:00.000,HYD,2025-09-23T17:35:00.000,2025-09-23T16:14:00.000,14.0,2025-09-23T15:50:00.000,BOM,2025-09-23T16:00:00.000,SQ4849
active,departure,AI,Air India,,,2025-09-23T17:22:00.000,HYD,2025-09-23T17:35:00.000,2025-09-23T16:14:00.000,14.0,2025-09-23T15:50:00.000,BOM,2025-09-23T16:00:00.000,AI2531
active,departure,AI,Air India,,,2025-09-23T18:09:00.000,DEL,2025-09-23T18:30:00.000,2025-09-23T16:22:00.000,22.0,2025-09-23T16:03:00.000,BOM,2025-09-23T16:00:00.000,AI2687
active,departure,EK,Emirates,,,2025-09-23T17:09:00.000,DXB,2025-09-23T17:40:00.000,2025-09-23T16:19:00.000,19.0,2025-09-23T15:56:00.000,BOM,2025-09-23T16:00:00.000,EK507
active,departure,JL,Jet Linx Aviation,,,2025-09-23T18:00:00.000,DEL,2025-09-23T18:15:00.000,2025-09-23T16:16:00.000,17.0,2025-09-23T15:55:00.000,BOM,2025-09-23T16:00:00.000,JL9268
active,departure,QF,Qantas,,,2025-09-23T18:00:00.000,DEL,2025-09-23T18:15:00.000,2025-09-23T16:16:00.000,17.0,2025-09-23T15:55:00.000,BOM,2025-09-23T16:00:00.000,QF5286
active,departure,VS,Virgin Atlantic,,,2025-09-23T18:00:00.000,DEL,2025-09-23T18:15:00.000,2025-09-23T16:16:00.000,17.0,2025-09-23T15:55:00.000,BOM,2025-09-23T16:00:00.000,VS9157
active,departure,6E,IndiGo,,,2025-09-23T18:00:00.000,DEL,2025-09-23T18:15:00.000,2025-09-23T16:16:00.000,17.0,2025-09-23T15:55:00.000,BOM,2025-09-23T16:00:00.000,6E359
active,departure,6E,IndiGo,,,,CCU,2025-09-23T18:35:00.000,,55.0,2025-09-23T16:55:00.000,BOM,2025-09-23T16:00:00.000,6E8069
active,departure,VS,Virgin Atlantic,,3.0,2025-09-23T17:33:00.000,IXE,2025-09-23T17:30:00.000,2025-09-23T16:27:00.000,22.0,2025-09-23T16:10:00.000,BOM,2025-09-23T16:05:00.000,VS8573
active,departure,6E,IndiGo,,3.0,2025-09-23T17:33:00.000,IXE,2025-09-23T17:30:00.000,2025-09-23T16:27:00.000,22.0,2025-09-23T16:10:00.000,BOM,2025-09-23T16:05:00.000,6E841
active,departure,VS,Virgin Atlantic,,1.0,2025-09-23T18:30:00.000,BBI,2025-09-23T18:30:00.000,2025-09-23T16:30:00.000,20.0,2025-09-23T16:07:00.000,BOM,2025-09-23T16:10:00.000,VS8485
active,departure,6E,IndiGo,,1.0,2025-09-23T18:30:00.000,BBI,2025-09-23T18:30:00.000,2025-09-23T16:30:00.000,20.0,2025-09-23T16:07:00.000,BOM,2025-09-23T16:10:00.000,6E463
active,departure,AI,Air India,,3.0,2025-09-23T18:18:00.000,JAI,2025-09-23T18:15:00.000,2025-09-23T16:51:00.000,37.0,2025-09-23T16:28:00.000,BOM,2025-09-23T16:15:00.000,AI9718
active,departure,IX,Air India Express,,3.0,2025-09-23T18:18:00.000,JAI,2025-09-23T18:15:00.000,2025-09-23T16:51:00.000,37.0,2025-09-23T16:28:00.000,BOM,2025-09-23T16:15:00.000,IX1214
active,departure,AI,Air India,,,2025-09-23T17:37:00.000,DXB,2025-09-23T17:55:00.000,2025-09-23T16:38:00.000,18.0,2025-09-23T16:15:00.000,BOM,2025-09-23T16:20:00.000,AI919
active,departure,6E,IndiGo,,3.0,2025-09-23T22:42:00.000,BKK,2025-09-23T22:40:00.000,2025-09-23T16:57:00.000,37.0,2025-09-23T16:25:00.000,BOM,2025-09-23T16:20:00.000,6E1059
active,departure,AI,Air India,,,2025-09-23T17:43:00.000,DXB,2025-09-23T18:15:00.000,2025-09-23T16:43:00.000,19.0,2025-09-23T16:19:00.000,BOM,2025-09-23T16:25:00.000,AI2201
active,departure,AI,Air India,,,2025-09-23T19:13:00.000,CCU,2025-09-23T19:15:00.000,2025-09-23T16:46:00.000,22.0,2025-09-23T16:21:00.000,BOM,2025-09-23T16:25:00.000,AI2481
active,departure,VS,Virgin Atlantic,,,,IDR,2025-09-23T17:50:00.000,,20.0,2025-09-23T16:45:00.000,BOM,2025-09-23T16:25:00.000,VS8567
active,departure,6E,IndiGo,,,,IDR,2025-09-23T17:50:00.000,,20.0,2025-09-23T16:45:00.000,BOM,2025-09-23T16:25:00.000,6E6599
active,departure,VS,Virgin Atlantic,,,2025-09-23T18:18:00.000,JAI,2025-09-23T18:20:00.000,2025-09-23T16:55:00.000,25.0,2025-09-23T16:25:00.000,BOM,2025-09-23T16:30:00.000,VS8577
active,departure,6E,IndiGo,,,2025-09-23T18:18:00.000,JAI,2025-09-23T18:20:00.000,2025-09-23T16:55:00.000,25.0,2025-09-23T16:25:00.000,BOM,2025-09-23T16:30:00.000,6E241
active,departure,VS,Virgin Atlantic,,4.0,2025-09-23T18:54:00.000,IXC,2025-09-23T18:50:00.000,2025-09-23T17:02:00.000,28.0,2025-09-23T16:40:00.000,BOM,2025-09-23T16:35:00.000,VS8569
active,departure,6E,IndiGo,,4.0,2025-09-23T18:54:00.000,IXC,2025-09-23T18:50:00.000,2025-09-23T17:02:00.000,28.0,2025-09-23T16:40:00.000,BOM,2025-09-23T16:35:00.000,6E5146
active,departure,BA,British Airways,,,2025-09-23T18:30:00.000,BLR,2025-09-23T18:35:00.000,2025-09-23T17:10:00.000,36.0,2025-09-23T16:46:00.000,BOM,2025-09-23T16:35:00.000,BA8770
active,departure,JL,Jet Linx Aviation,,,2025-09-23T18:30:00.000,BLR,2025-09-23T18:35:00.000,2025-09-23T17:10:00.000,36.0,2025-09-23T16:46:00.000,BOM,2025-09-23T16:35:00.000,JL9766
active,departure,QF,Qantas,,,2025-09-23T18:30:00.000,BLR,2025-09-23T18:35:00.000,2025-09-23T17:10:00.000,36.0,2025-09-23T16:46:00.000,BOM,2025-09-23T16:35:00.000,QF5074
active,departure,VS,Virgin Atlantic,,,2025-09-23T18:30:00.000,BLR,2025-09-23T18:35:00.000,2025-09-23T17:10:00.000,36.0,2025-09-23T16:46:00.000,BOM,2025-09-23T16:35:00.000,VS8497
active,departure,6E,IndiGo,,,2025-09-23T18:30:00.000,BLR,2025-09-23T18:35:00.000,2025-09-23T17:10:00.000,36.0,2025-09-23T16:46:00.000,BOM,2025-09-23T16:35:00.000,6E5221
active,departure,ET,Ethiopian Airlines,,,2025-09-23T18:18:00.000,BLR,2025-09-23T18:45:00.000,2025-09-23T16:59:00.000,19.0,2025-09-23T16:38:00.000,BOM,2025-09-23T16:40:00.000,ET4409
active,departure,AI,Air India,,,2025-09-23T18:18:00.000,BLR,2025-09-23T18:45:00.000,2025-09-23T16:59:00.000,19.0,2025-09-23T16:38:00.000,BOM,2025-09-23T16:40:00.000,AI2607
unknown,departure,MH,Malaysia Airlines,,,,KUL,2025-09-24T00:30:00.000,,,,BOM,2025-09-23T16:45:00.000,MH6247
active,departure,QP,Akasa Air,,3.0,2025-09-23T19:47:00.000,CCU,2025-09-23T19:45:00.000,2025-09-23T17:22:00.000,32.0,2025-09-23T16:50:00.000,BOM,2025-09-23T16:50:00.000,QP1124
active,departure,OG,Star Air,,,2025-09-23T17:51:00.000,IXG,2025-09-23T18:00:00.000,2025-09-23T17:08:00.000,18.0,2025-09-23T16:46:00.000,BOM,2025-09-23T16:50:00.000,OG112
active,departure,SQ,Singapore Airlines,,,2025-09-23T18:43:00.000,JAI,2025-09-23T19:05:00.000,2025-09-23T17:18:00.000,19.0,2025-09-23T17:00:00.000,BOM,2025-09-23T17:00:00.000,SQ4971
active,departure,AI,Air India,,,2025-09-23T18:43:00.000,JAI,2025-09-23T19:05:00.000,2025-09-23T17:18:00.000,19.0,2025-09-23T17:00:00.000,BOM,2025-09-23T17:00:00.000,AI621
active,departure,QP,Akasa Air,,2.0,2025-09-23T19:22:00.000,VNS,2025-09-23T19:20:00.000,2025-09-23T17:29:00.000,30.0,2025-09-23T17:00:00.000,BOM,2025-09-23T17:00:00.000,QP1491
active,departure,AA,American Airlines,,,2025-09-23T19:09:00.000,DEL,2025-09-23T19:15:00.000,2025-09-23T17:24:00.000,25.0,2025-09-23T17:06:00.000,BOM,2025-09-23T17:00:00.000,AA9207
active,departure,JL,Jet Linx Aviation,,,2025-09-23T19:09:00.000,DEL,2025-09-23T19:15:00.000,2025-09-23T17:24:00.000,25.0,2025-09-23T17:06:00.000,BOM,2025-09-23T17:00:00.000,JL8464
active,departure,QF,Qantas,,,2025-09-23T19:09:00.000,DEL,2025-09-23T19:15:00.000,2025-09-23T17:24:00.000,25.0,2025-09-23T17:06:00.000,BOM,2025-09-23T17:00:00.000,QF5288
active,departure,VS,Virgin Atlantic,,,2025-09-23T19:09:00.000,DEL,2025-09-23T19:15:00.000,2025-09-23T17:24:00.000,25.0,2025-09-23T17:06:00.000,BOM,2025-09-23T17:00:00.000,VS8528
active,departure,6E,IndiGo,,,2025-09-23T19:09:00.000,DEL,2025-09-23T19:15:00.000,2025-09-23T17:24:00.000,25.0,2025-09-23T17:06:00.000,BOM,2025-09-23T17:00:00.000,6E2162
active,departure,AI,Air India,,,2025-09-23T18:28:00.000,AUH,2025-09-23T18:50:00.000,2025-09-23T17:27:00.000,22.0,2025-09-23T16:58:00.000,BOM,2025-09-23T17:05:00.000,AI9053
active,departure,IX,Air India Express,,,2025-09-23T18:28:00.000,AUH,2025-09-23T18:50:00.000,2025-09-23T17:27:00.000,22.0,2025-09-23T16:58:00.000,BOM,2025-09-23T17:05:00.000,IX257
active,departure,VS,Virgin Atlantic,,4.0,2025-09-23T18:43:00.000,HYD,2025-09-23T18:40:00.000,2025-09-23T17:34:00.000,25.0,2025-09-23T17:32:00.000,BOM,2025-09-23T17:10:00.000,VS8557
active,departure,6E,IndiGo,,4.0,2025-09-23T18:43:00.000,HYD,2025-09-23T18:40:00.000,2025-09-23T17:34:00.000,25.0,2025-09-23T17:32:00.000,BOM,2025-09-23T17:10:00.000,6E5228
active,departure,AI,Air India,,,2025-09-23T19:57:00.000,JED,2025-09-23T20:40:00.000,2025-09-23T17:56:00.000,47.0,2025-09-23T17:45:00.000,BOM,2025-09-23T17:10:00.000,AI937
active,departure,VS,Virgin Atlantic,,,,MAA,2025-09-23T19:15:00.000,,60.0,2025-09-23T18:15:00.000,BOM,2025-09-23T17:15:00.000,VS8590
active,departure,6E,IndiGo,,,,MAA,2025-09-23T19:15:00.000,,60.0,2025-09-23T18:15:00.000,BOM,2025-09-23T17:15:00.000,6E5048
active,departure,ET,Ethiopian Airlines,,,,COK,2025-09-23T19:15:00.000,,15.0,2025-09-23T17:35:00.000,BOM,2025-09-23T17:20:00.000,ET1229
active,departure,AI,Air India,,,,COK,2025-09-23T19:15:00.000,,15.0,2025-09-23T17:35:00.000,BOM,2025-09-23T17:20:00.000,AI681
active,departure,BA,British Airways,,,2025-09-23T18:17:00.000,GOI,2025-09-23T18:30:00.000,2025-09-23T17:31:00.000,12.0,2025-09-23T17:15:00.000,BOM,2025-09-23T17:20:00.000,BA7997
active,departure,VS,Virgin Atlantic,,,2025-09-23T18:17:00.000,GOI,2025-09-23T18:30:00.000,2025-09-23T17:31:00.000,12.0,2025-09-23T17:15:00.000,BOM,2025-09-23T17:20:00.000,VS8543
active,departure,6E,IndiGo,,,2025-09-23T18:17:00.000,GOI,2025-09-23T18:30:00.000,2025-09-23T17:31:00.000,12.0,2025-09-23T17:15:00.000,BOM,2025-09-23T17:20:00.000,6E327
active,departure,SQ,Singapore Airlines,,,2025-09-23T19:26:00.000,DEL,2025-09-23T19:45:00.000,2025-09-23T17:41:00.000,17.0,2025-09-23T17:18:00.000,BOM,2025-09-23T17:25:00.000,SQ4876
active,departure,AI,Air India,,,2025-09-23T19:26:00.000,DEL,2025-09-23T19:45:00.000,2025-09-23T17:41:00.000,17.0,2025-09-23T17:18:00.000,BOM,2025-09-23T17:25:00.000,AI2910
active,departure,6E,IndiGo,,1.0,2025-09-23T19:11:00.000,RJA,2025-09-23T19:10:00.000,2025-09-23T17:39:00.000,14.0,2025-09-23T17:32:00.000,BOM,2025-09-23T17:25:00.000,6E582
active,departure,6E,IndiGo,,1.0,2025-09-23T19:15:00.000,VGA,2025-09-23T19:15:00.000,2025-09-23T17:49:00.000,19.0,2025-09-23T17:30:00.000,BOM,2025-09-23T17:30:00.000,6E936
active,departure,AI,Air India,,,2025-09-23T19:19:00.000,BLR,2025-09-23T19:30:00.000,2025-09-23T17:52:00.000,22.0,2025-09-23T17:32:00.000,BOM,2025-09-23T17:30:00.000,AI2849
active,departure,6E,IndiGo,,,2025-09-23T18:47:00.000,UDR,2025-09-23T19:05:00.000,2025-09-23T17:44:00.000,9.0,2025-09-23T17:35:00.000,BOM,2025-09-23T17:35:00.000,6E5173
active,departure,SQ,Singapore Airlines,,,2025-09-23T19:45:00.000,TRV,2025-09-23T20:00:00.000,2025-09-23T17:54:00.000,14.0,2025-09-23T17:38:00.000,BOM,2025-09-23T17:40:00.000,SQ4839
active,departure,ET,Ethiopian Airlines,,,2025-09-23T19:45:00.000,TRV,2025-09-23T20:00:00.000,2025-09-23T17:54:00.000,14.0,2025-09-23T17:38:00.000,BOM,2025-09-23T17:40:00.000,ET4411
active,departure,AI,Air India,,,2025-09-23T19:45:00.000,TRV,2025-09-23T20:00:00.000,2025-09-23T17:54:00.000,14.0,2025-09-23T17:38:00.000,BOM,2025-09-23T17:40:00.000,AI2655
active,departure,YG,YTO Cargo Airlines,,,,NNG,2025-09-24T04:20:00.000,,,,BOM,2025-09-23T17:50:00.000,YG9150
active,departure,VS,Virgin Atlantic,,,,VTZ,2025-09-23T20:00:00.000,,,2025-09-23T17:42:00.000,BOM,2025-09-23T17:55:00.000,VS8612
active,departure,6E,IndiGo,,,,VTZ,2025-09-23T20:00:00.000,,,2025-09-23T17:42:00.000,BOM,2025-09-23T17:55:00.000,6E5248
active,departure,6E,IndiGo,,,,JED,2025-09-23T20:25:00.000,,,2025-09-23T17:55:00.000,BOM,2025-09-23T17:55:00.000,6E61
active,departure,AI,Air India,,,,DEL,2025-09-23T20:25:00.000,,,2025-09-23T17:50:00.000,BOM,2025-09-23T18:00:00.000,AI2440
active,departure,AA,American Airlines,,,,DEL,2025-09-23T20:15:00.000,,,2025-09-23T17:55:00.000,BOM,2025-09-23T18:00:00.000,AA9212
active,departure,JL,Jet Linx Aviation,,,,DEL,2025-09-23T20:15:00.000,,,2025-09-23T17:55:00.000,BOM,2025-09-23T18:00:00.000,JL9272
active,departure,QF,Qantas,,,,DEL,2025-09-23T20:15:00.000,,,2025-09-23T17:55:00.000,BOM,2025-09-23T18:00:00.000,QF5300
active,departure,VS,Virgin Atlantic,,,,DEL,2025-09-23T20:15:00.000,,,2025-09-23T17:55:00.000,BOM,2025-09-23T18:00:00.000,VS8538
active,departure,6E,IndiGo,,,,DEL,2025-09-23T20:15:00.000,,,2025-09-23T17:55:00.000,BOM,2025-09-23T18:00:00.000,6E6082
active,departure,AI,Air India,,,,MAA,2025-09-23T20:10:00.000,,,2025-09-23T17:53:00.000,BOM,2025-09-23T18:05:00.000,AI573
active,departure,VS,Virgin Atlantic,,,,CJB,2025-09-23T20:05:00.000,,,2025-09-23T18:00:00.000,BOM,2025-09-23T18:05:00.000,VS8516
active,departure,6E,IndiGo,,,,CJB,2025-09-23T20:05:00.000,,,2025-09-23T18:00:00.000,BOM,2025-09-23T18:05:00.000,6E871
active,departure,QP,Akasa Air,,,,BLR,2025-09-23T20:15:00.000,,,2025-09-23T18:15:00.000,BOM,2025-09-23T18:15:00.000,QP1955
active,departure,VS,Virgin Atlantic,,,,CCU,2025-09-23T21:00:00.000,,,2025-09-23T18:10:00.000,BOM,2025-09-23T18:15:00.000,VS8508
active,departure,6E,IndiGo,,,,CCU,2025-09-23T21:00:00.000,,,2025-09-23T18:10:00.000,BOM,2025-09-23T18:15:00.000,6E5086
active,departure,SQ,Singapore Airlines,,,,JED,2025-09-23T21:40:00.000,,30.0,2025-09-23T18:50:00.000,BOM,2025-09-23T18:20:00.000,SQ4983
active,departure,AI,Air India,,,,JED,2025-09-23T21:40:00.000,,30.0,2025-09-23T18:50:00.000,BOM,2025-09-23T18:20:00.000,AI931
active,departure,AI,Air India,,,,BBI,2025-09-23T20:45:00.000,,,2025-09-23T18:20:00.000,BOM,2025-09-23T18:20:00.000,AI9536
active,departure,IX,Air India Express,,,,BBI,2025-09-23T20:45:00.000,,,2025-09-23T18:20:00.000,BOM,2025-09-23T18:20:00.000,IX1024
active,departure,6E,IndiGo,,,,DXB,2025-09-23T19:50:00.000,,,2025-09-23T18:20:00.000,BOM,2025-09-23T18:20:00.000,6E1455
active,departure,VS,Virgin Atlantic,,,,IXE,2025-09-23T19:55:00.000,,40.0,2025-09-23T19:00:00.000,BOM,2025-09-23T18:20:00.000,VS8574
active,departure,6E,IndiGo,,,,IXE,2025-09-23T19:55:00.000,,40.0,2025-09-23T19:00:00.000,BOM,2025-09-23T18:20:00.000,6E6549
active,departure,AI,Air India,,,,GOI,2025-09-23T19:40:00.000,,,2025-09-23T18:25:00.000,BOM,2025-09-23T18:25:00.000,AI9533
active,departure,IX,Air India Express,,,,GOI,2025-09-23T19:40:00.000,,,2025-09-23T18:25:00.000,BOM,2025-09-23T18:25:00.000,IX1243
active,departure,VS,Virgin Atlantic,,,,AMD,2025-09-23T19:45:00.000,,,2025-09-23T18:25:00.000,BOM,2025-09-23T18:25:00.000,VS8478
active,departure,6E,IndiGo,,,,AMD,2025-09-23T19:45:00.000,,,2025-09-23T18:25:00.000,BOM,2025-09-23T18:25:00.000,6E5254
active,departure,SQ,Singapore Airlines,,,,DEL,2025-09-23T20:50:00.000,,,2025-09-23T18:30:00.000,BOM,2025-09-23T18:30:00.000,SQ4866
active,departure,AI,Air India,,,,DEL,2025-09-23T20:50:00.000,,,2025-09-23T18:30:00.000,BOM,2025-09-23T18:30:00.000,AI2996
active,departure,AI,Air India,,,,MAA,2025-09-23T20:55:00.000,,,2025-09-23T18:40:00.000,BOM,2025-09-23T18:40:00.000,AI435
active,departure,VS,Virgin Atlantic,,,,IDR,2025-09-23T20:05:00.000,,,2025-09-23T18:40:00.000,BOM,2025-09-23T18:40:00.000,VS8565
active,departure,6E,IndiGo,,,,IDR,2025-09-23T20:05:00.000,,,2025-09-23T18:40:00.000,BOM,2025-09-23T18:40:00.000,6E551
active,departure,AI,Air India,,,,CCU,2025-09-23T21:35:00.000,,,2025-09-23T18:45:00.000,BOM,2025-09-23T18:45:00.000,AI2411
active,departure,AI,Air India,,,,AMD,2025-09-23T20:05:00.000,,,2025-09-23T18:45:00.000,BOM,2025-09-23T18:45:00.000,AI2493
active,departure,TK,Turkish Airlines,,,,ATQ,2025-09-23T21:00:00.000,,,2025-09-23T18:45:00.000,BOM,2025-09-23T18:45:00.000,TK4698
active,departure,VS,Virgin Atlantic,,,,ATQ,2025-09-23T21:00:00.000,,,2025-09-23T18:45:00.000,BOM,2025-09-23T18:45:00.000,VS8482
active,departure,6E,IndiGo,,,,ATQ,2025-09-23T21:00:00.000,,,2025-09-23T18:45:00.000,BOM,2025-09-23T18:45:00.000,6E272
active,departure,VS,Virgin Atlantic,,,,PAT,2025-09-23T21:15:00.000,,,2025-09-23T18:40:00.000,BOM,2025-09-23T18:45:00.000,VS8601
active,departure,6E,IndiGo,,,,PAT,2025-09-23T21:15:00.000,,,2025-09-23T18:40:00.000,BOM,2025-09-23T18:45:00.000,6E5123
active,departure,AI,Air India,,,,BLR,2025-09-23T20:35:00.000,,,2025-09-23T18:50:00.000,BOM,2025-09-23T18:50:00.000,AI2641
active,departure,QP,Akasa Air,,,,RUH,2025-09-23T20:40:00.000,,,2025-09-23T18:50:00.000,BOM,2025-09-23T18:50:00.000,QP567
active,departure,6E,IndiGo,,,,ALA,2025-09-24T00:25:00.000,,,2025-09-23T18:50:00.000,BOM,2025-09-23T18:50:00.000,6E1817
active,departure,QP,Akasa Air,,,,CCU,2025-09-23T22:00:00.000,,,2025-09-23T18:55:00.000,BOM,2025-09-23T18:55:00.000,QP1140
active,departure,VS,Virgin Atlantic,,,,LKO,2025-09-23T21:05:00.000,,,2025-09-23T18:55:00.000,BOM,2025-09-23T18:55:00.000,VS8583
active,departure,6E,IndiGo,,,,LKO,2025-09-23T21:05:00.000,,,2025-09-23T18:55:00.000,BOM,2025-09-23T18:55:00.000,6E544
active,departure,AF,Air France,,,,DEL,2025-09-23T21:15:00.000,,,2025-09-23T18:55:00.000,BOM,2025-09-23T19:00:00.000,AF3353
active,departure,JL,Jet Linx Aviation,,,,DEL,2025-09-23T21:15:00.000,,,2025-09-23T18:55:00.000,BOM,2025-09-23T19:00:00.000,JL9274
active,departure,QF,Qantas,,,,DEL,2025-09-23T21:15:00.000,,,2025-09-23T18:55:00.000,BOM,2025-09-23T19:00:00.000,QF5296
active,departure,VS,Virgin Atlantic,,,,DEL,2025-09-23T21:15:00.000,,,2025-09-23T18:55:00.000,BOM,2025-09-23T19:00:00.000,VS8539
active,departure,6E,IndiGo,,,,DEL,2025-09-23T21:15:00.000,,,2025-09-23T18:55:00.000,BOM,2025-09-23T19:00:00.000,6E6613
active,departure,AI,Air India,,,,DEL,2025-09-23T21:15:00.000,,,2025-09-23T19:00:00.000,BOM,2025-09-23T19:00:00.000,AI2426
active,departure,QP,Akasa Air,,,,DEL,2025-09-23T21:15:00.000,,,2025-09-23T19:00:00.000,BOM,2025-09-23T19:00:00.000,QP1120
active,departure,AI,Air India,,,,CJB,2025-09-23T20:55:00.000,,,2025-09-23T19:05:00.000,BOM,2025-09-23T19:05:00.000,AI2732
scheduled,departure,6E,IndiGo,,,,AUH,2025-09-23T21:05:00.000,,10.0,2025-09-23T19:25:00.000,BOM,2025-09-23T19:15:00.000,6E1401
scheduled,departure,BA,British Airways,,,,BDQ,2025-09-23T20:25:00.000,,,2025-09-23T19:20:00.000,BOM,2025-09-23T19:20:00.000,BA7934
scheduled,departure,VS,Virgin Atlantic,,,,BDQ,2025-09-23T20:25:00.000,,,2025-09-23T19:20:00.000,BOM,2025-09-23T19:20:00.000,VS8486
scheduled,departure,6E,IndiGo,,,,BDQ,2025-09-23T20:25:00.000,,,2025-09-23T19:20:00.000,BOM,2025-09-23T19:20:00.000,6E618
scheduled,departure,6E,IndiGo,,,,IXU,2025-09-23T20:25:00.000,,,2025-09-23T19:20:00.000,BOM,2025-09-23T19:20:00.000,6E5027
scheduled,departure,AI,Air India,,,,DEL,2025-09-23T21:45:00.000,,,2025-09-23T19:25:00.000,BOM,2025-09-23T19:25:00.000,AI2408
scheduled,departure,VS,Virgin Atlantic,,,,VNS,2025-09-23T21:45:00.000,,,2025-09-23T19:25:00.000,BOM,2025-09-23T19:25:00.000,VS8610
scheduled,departure,6E,IndiGo,,,,VNS,2025-09-23T21:45:00.000,,,2025-09-23T19:25:00.000,BOM,2025-09-23T19:25:00.000,6E5028
scheduled,departure,EK,Emirates,,,,DXB,2025-09-23T21:05:00.000,,,2025-09-23T19:30:00.000,BOM,2025-09-23T19:30:00.000,EK503
scheduled,departure,VS,Virgin Atlantic,,,,COK,2025-09-23T21:25:00.000,,,2025-09-23T19:25:00.000,BOM,2025-09-23T19:30:00.000,VS8518
scheduled,departure,6E,IndiGo,,,,COK,2025-09-23T21:25:00.000,,,2025-09-23T19:25:00.000,BOM,2025-09-23T19:30:00.000,6E635
scheduled,departure,JL,Jet Linx Aviation,,,,BLR,2025-09-23T21:30:00.000,,,2025-09-23T19:30:00.000,BOM,2025-09-23T19:35:00.000,JL8460
scheduled,departure,QF,Qantas,,,,BLR,2025-09-23T21:30:00.000,,,2025-09-23T19:30:00.000,BOM,2025-09-23T19:35:00.000,QF5054
scheduled,departure,TK,Turkish Airlines,,,,BLR,2025-09-23T21:30:00.000,,,2025-09-23T19:30:00.000,BOM,2025-09-23T19:35:00.000,TK4722
scheduled,departure,VS,Virgin Atlantic,,,,BLR,2025-09-23T21:30:00.000,,,2025-09-23T19:30:00.000,BOM,2025-09-23T19:35:00.000,VS8492
scheduled,departure,6E,IndiGo,,,,BLR,2025-09-23T21:30:00.000,,,2025-09-23T19:30:00.000,BOM,2025-09-23T19:35:00.000,6E5032
scheduled,departure,VS,Virgin Atlantic,,,,RPR,2025-09-23T21:30:00.000,,,2025-09-23T19:30:00.000,BOM,2025-09-23T19:35:00.000,VS8604
scheduled,departure,6E,IndiGo,,,,RPR,2025-09-23T21:30:00.000,,,2025-09-23T19:30:00.000,BOM,2025-09-23T19:35:00.000,6E5148
scheduled,departure,AI,Air India,,,,NRT,2025-09-24T07:50:00.000,,,2025-09-23T19:40:00.000,BOM,2025-09-23T19:40:00.000,AI8002
scheduled,departure,NH,ANA,,,,NRT,2025-09-24T07:50:00.000,,,2025-09-23T19:40:00.000,BOM,2025-09-23T19:40:00.000,NH830
scheduled,departure,VS,Virgin Atlantic,,,,AMD,2025-09-23T21:05:00.000,,,2025-09-23T19:35:00.000,BOM,2025-09-23T19:40:00.000,VS8479
scheduled,departure,6E,IndiGo,,,,AMD,2025-09-23T21:05:00.000,,,2025-09-23T19:35:00.000,BOM,2025-09-23T19:40:00.000,6E6094
scheduled,departure,AI,Air India,,,,COK,2025-09-23T21:45:00.000,,,2025-09-23T19:45:00.000,BOM,2025-09-23T19:45:00.000,AI693
scheduled,departure,VS,Virgin Atlantic,,,,MAA,2025-09-23T21:50:00.000,,,2025-09-23T19:40:00.000,BOM,2025-09-23T19:45:00.000,VS8588
scheduled,departure,6E,IndiGo,,,,MAA,2025-09-23T21:50:00.000,,,2025-09-23T19:40:00.000,BOM,2025-09-23T19:45:00.000,6E5105
scheduled,departure,VS,Virgin Atlantic,,,,HYD,2025-09-23T21:25:00.000,,,2025-09-23T19:45:00.000,BOM,2025-09-23T19:45:00.000,VS8560
scheduled,departure,6E,IndiGo,,,,HYD,2025-09-23T21:25:00.000,,,2025-09-23T19:45:00.000,BOM,2025-09-23T19:45:00.000,6E5326
scheduled,departure,QP,Akasa Air,,,,JED,2025-09-23T22:25:00.000,,,2025-09-23T19:50:00.000,BOM,2025-09-23T19:50:00.000,QP559
scheduled,departure,AI,Air India,,,,NAG,2025-09-23T21:30:00.000,,,2025-09-23T19:55:00.000,BOM,2025-09-23T19:55:00.000,AI2583
scheduled,departure,AI,Air India,,,,BLR,2025-09-23T22:05:00.000,,,2025-09-23T19:55:00.000,BOM,2025-09-23T19:55:00.000,AI2865
scheduled,departure,AI,Air India,,,,HYD,2025-09-23T21:40:00.000,,,2025-09-23T19:55:00.000,BOM,2025-09-23T19:55:00.000,AI2875
scheduled,departure,QP,Akasa Air,,,,JED,2025-09-23T22:30:00.000,,,2025-09-23T19:55:00.000,BOM,2025-09-23T19:55:00.000,QP561
scheduled,departure,AI,Air India,,,,DEL,2025-09-23T22:15:00.000,,,2025-09-23T20:00:00.000,BOM,2025-09-23T20:00:00.000,AI2940
scheduled,departure,VS,Virgin Atlantic,,,,IXC,2025-09-23T22:15:00.000,,,2025-09-23T20:00:00.000,BOM,2025-09-23T20:00:00.000,VS8571
scheduled,departure,6E,IndiGo,,,,IXC,2025-09-23T22:15:00.000,,,2025-09-23T20:00:00.000,BOM,2025-09-23T20:00:00.000,6E5233
scheduled,departure,BA,British Airways,,,,DEL,2025-09-23T22:15:00.000,,,2025-09-23T20:00:00.000,BOM,2025-09-23T20:00:00.000,BA8778
scheduled,departure,JL,Jet Linx Aviation,,,,DEL,2025-09-23T22:15:00.000,,,2025-09-23T20:00:00.000,BOM,2025-09-23T20:00:00.000,JL9002
scheduled,departure,QF,Qantas,,,,DEL,2025-09-23T22:15:00.000,,,2025-09-23T20:00:00.000,BOM,2025-09-23T20:00:00.000,QF5290
scheduled,departure,VS,Virgin Atlantic,,,,DEL,2025-09-23T22:15:00.000,,,2025-09-23T20:00:00.000,BOM,2025-09-23T20:00:00.000,VS8537
scheduled,departure,6E,IndiGo,,,,DEL,2025-09-23T22:15:00.000,,,2025-09-23T20:00:00.000,BOM,2025-09-23T20:00:00.000,6E6049
scheduled,departure,AI,Air India,,,,DOH,2025-09-23T21:15:00.000,,,,BOM,2025-09-23T20:05:00.000,AI2289
scheduled,departure,SG,SpiceJet,,,,CCU,2025-09-23T23:00:00.000,,,2025-09-23T19:55:00.000,BOM,2025-09-23T20:10:00.000,SG719
scheduled,departure,VS,Virgin Atlantic,,,,BBI,2025-09-23T22:40:00.000,,,,BOM,2025-09-23T20:15:00.000,VS8484
scheduled,departure,6E,IndiGo,,,,BBI,2025-09-23T22:40:00.000,,,,BOM,2025-09-23T20:15:00.000,6E416
scheduled,departure,VS,Virgin Atlantic,,,,CCU,2025-09-23T23:10:00.000,,,,BOM,2025-09-23T20:15:00.000,VS8513
scheduled,departure,6E,IndiGo,,,,CCU,2025-09-23T23:10:00.000,,,,BOM,2025-09-23T20:15:00.000,6E6287
scheduled,departure,VS,Virgin Atlantic,,,,NAG,2025-09-23T21:55:00.000,,,,BOM,2025-09-23T20:20:00.000,VS8234
scheduled,departure,6E,IndiGo,,,,NAG,2025-09-23T21:55:00.000,,,,BOM,2025-09-23T20:20:00.000,6E5147
scheduled,departure,AI,Air India,,,,DXB,2025-09-23T21:55:00.000,,,,BOM,2025-09-23T20:25:00.000,AI983
scheduled,departure,QP,Akasa Air,,,,KWI,2025-09-23T22:00:00.000,,,2025-09-23T20:25:00.000,BOM,2025-09-23T20:25:00.000,QP571
scheduled,departure,AI,Air India,,,,AMD,2025-09-23T21:40:00.000,,,,BOM,2025-09-23T20:30:00.000,AI2585
scheduled,departure,VS,Virgin Atlantic,,,,BHO,2025-09-23T22:05:00.000,,,,BOM,2025-09-23T20:30:00.000,VS8489
scheduled,departure,6E,IndiGo,,,,BHO,2025-09-23T22:05:00.000,,,,BOM,2025-09-23T20:30:00.000,6E397
scheduled,departure,VS,Virgin Atlantic,,,,GAU,2025-09-23T23:40:00.000,,,,BOM,2025-09-23T20:30:00.000,VS8542
scheduled,departure,6E,IndiGo,,,,GAU,2025-09-23T23:40:00.000,,,,BOM,2025-09-23T20:30:00.000,6E843
scheduled,departure,AI,Air India,,,,DMM,2025-09-23T22:25:00.000,,,,BOM,2025-09-23T20:40:00.000,AI935
scheduled,departure,AI,Air India,,,,CMB,2025-09-23T23:10:00.000,,,,BOM,2025-09-23T20:40:00.000,AI6224
scheduled,departure,HM,Air Seychelles,,,,CMB,2025-09-23T23:10:00.000,,,,BOM,2025-09-23T20:40:00.000,HM6247
scheduled,departure,UL,SriLankan Airlines,,,,CMB,2025-09-23T23:10:00.000,,,,BOM,2025-09-23T20:40:00.000,UL144
scheduled,departure,AF,Air France,,,,BLR,2025-09-23T22:45:00.000,,,,BOM,2025-09-23T20:45:00.000,AF6462
scheduled,departure,JL,Jet Linx Aviation,,,,BLR,2025-09-23T22:45:00.000,,,,BOM,2025-09-23T20:45:00.000,JL9772
scheduled,departure,KL,KLM,,,,BLR,2025-09-23T22:45:00.000,,,,BOM,2025-09-23T20:45:00.000,KL4759
scheduled,departure,QF,Qantas,,,,BLR,2025-09-23T22:45:00.000,,,,BOM,2025-09-23T20:45:00.000,QF5078
scheduled,departure,VS,Virgin Atlantic,,,,BLR,2025-09-23T22:45:00.000,,,,BOM,2025-09-23T20:45:00.000,VS8498
scheduled,departure,6E,IndiGo,,,,BLR,2025-09-23T22:45:00.000,,,,BOM,2025-09-23T20:45:00.000,6E5252
scheduled,departure,AI,Air India,,,,GOI,2025-09-23T22:05:00.000,,,,BOM,2025-09-23T20:45:00.000,AI2505
scheduled,departure,LX,SWISS,,,,DEL,2025-09-23T23:10:00.000,,,,BOM,2025-09-23T20:50:00.000,LX9855
scheduled,departure,AI,Air India,,,,DEL,2025-09-23T23:10:00.000,,,,BOM,2025-09-23T20:50:00.000,AI2988
scheduled,departure,VS,Virgin Atlantic,,,,IDR,2025-09-23T22:10:00.000,,,2025-09-23T20:40:00.000,BOM,2025-09-23T20:50:00.000,VS8563
scheduled,departure,6E,IndiGo,,,,IDR,2025-09-23T22:10:00.000,,,2025-09-23T20:40:00.000,BOM,2025-09-23T20:50:00.000,6E5136
scheduled,departure,VS,Virgin Atlantic,,,,JAI,2025-09-23T22:45:00.000,,,2025-09-23T20:55:00.000,BOM,2025-09-23T21:00:00.000,VS8579
scheduled,departure,6E,IndiGo,,,,JAI,2025-09-23T22:45:00.000,,,2025-09-23T20:55:00.000,BOM,2025-09-23T21:00:00.000,6E287
scheduled,departure,LH,Lufthansa,,,,MAA,2025-09-23T23:10:00.000,,,,BOM,2025-09-23T21:00:00.000,LH5523
scheduled,departure,AI,Air India,,,,MAA,2025-09-23T23:10:00.000,,,,BOM,2025-09-23T21:00:00.000,AI2827
scheduled,departure,AI,Air India,,,,JAI,2025-09-23T23:10:00.000,,,,BOM,2025-09-23T21:10:00.000,AI2565
scheduled,departure,QP,Akasa Air,,,,AMD,2025-09-23T22:40:00.000,,,2025-09-23T21:10:00.000,BOM,2025-09-23T21:10:00.000,QP1528
scheduled,departure,VS,Virgin Atlantic,,,,GOI,2025-09-23T22:25:00.000,,,2025-09-23T21:05:00.000,BOM,2025-09-23T21:10:00.000,VS8244
scheduled,departure,6E,IndiGo,,,,GOI,2025-09-23T22:25:00.000,,,2025-09-23T21:05:00.000,BOM,2025-09-23T21:10:00.000,6E5137
scheduled,departure,JL,Jet Linx Aviation,,,,DEL,2025-09-23T23:30:00.000,,,,BOM,2025-09-23T21:15:00.000,JL9278
scheduled,departure,QF,Qantas,,,,DEL,2025-09-23T23:30:00.000,,,,BOM,2025-09-23T21:15:00.000,QF5266
scheduled,departure,VS,Virgin Atlantic,,,,DEL,2025-09-23T23:30:00.000,,,,BOM,2025-09-23T21:15:00.000,VS8521
scheduled,departure,6E,IndiGo,,,,DEL,2025-09-23T23:30:00.000,,,,BOM,2025-09-23T21:15:00.000,6E102
scheduled,departure,AI,Air India,,,,AUH,2025-09-23T23:15:00.000,,,,BOM,2025-09-23T21:30:00.000,AI945
scheduled,departure,LH,Lufthansa,,,,BLR,2025-09-23T23:35:00.000,,,,BOM,2025-09-23T21:30:00.000,LH5266
scheduled,departure,AI,Air India,,,,BLR,2025-09-23T23:35:00.000,,,,BOM,2025-09-23T21:30:00.000,AI2401
scheduled,departure,AI,Air India,,,,MCT,2025-09-23T22:40:00.000,,,,BOM,2025-09-23T21:35:00.000,AI9141
scheduled,departure,IX,Air India Express,,,,MCT,2025-09-23T22:40:00.000,,,,BOM,2025-09-23T21:35:00.000,IX235
scheduled,departure,VS,Virgin Atlantic,,,,HYD,2025-09-23T23:20:00.000,,,,BOM,2025-09-23T21:40:00.000,VS8555
scheduled,departure,6E,IndiGo,,,,HYD,2025-09-23T23:20:00.000,,,,BOM,2025-09-23T21:40:00.000,6E6274
scheduled,departure,AI,Air India,,,,LKO,2025-09-23T23:55:00.000,,,,BOM,2025-09-23T21:40:00.000,AI9753
scheduled,departure,IX,Air India Express,,,,LKO,2025-09-23T23:55:00.000,,,,BOM,2025-09-23T21:40:00.000,IX1219
scheduled,departure,6E,IndiGo,,,,MCT,2025-09-23T22:55:00.000,,5.0,2025-09-23T21:45:00.000,BOM,2025-09-23T21:40:00.000,6E1267
scheduled,departure,GF,Gulf Air,,,,BAH,2025-09-23T23:00:00.000,,,2025-09-23T21:45:00.000,BOM,2025-09-23T21:45:00.000,GF65
scheduled,departure,6E,IndiGo,,,,BAH,2025-09-23T22:45:00.000,,,,BOM,2025-09-23T21:45:00.000,6E1201
scheduled,departure,VS,Virgin Atlantic,,,,AMD,2025-09-23T23:05:00.000,,,,BOM,2025-09-23T21:45:00.000,VS8481
scheduled,departure,6E,IndiGo,,,,AMD,2025-09-23T23:05:00.000,,,,BOM,2025-09-23T21:45:00.000,6E5283
scheduled,departure,AI,Air India,,,,CCU,2025-09-24T00:50:00.000,,,,BOM,2025-09-23T21:50:00.000,AI675
scheduled,departure,QR,Qatar Airways,,,,DOH,2025-09-23T22:50:00.000,,,,BOM,2025-09-23T21:50:00.000,QR4773
scheduled,departure,6E,IndiGo,,,,DOH,2025-09-23T22:50:00.000,,,,BOM,2025-09-23T21:50:00.000,6E1341
scheduled,departure,YG,YTO Cargo Airlines,,,,NNG,2025-09-24T05:20:00.000,,,,BOM,2025-09-23T21:50:00.000,YG9150
scheduled,departure,LH,Lufthansa,,,,DEL,2025-09-24T00:15:00.000,,,,BOM,2025-09-23T21:55:00.000,LH5260
scheduled,departure,AI,Air India,,,,DEL,2025-09-24T00:15:00.000,,,,BOM,2025-09-23T21:55:00.000,AI2950
scheduled,departure,G9,Air Arabia,,,,SHJ,2025-09-23T23:25:00.000,,,,BOM,2025-09-23T21:55:00.000,G9402
scheduled,departure,QP,Akasa Air,,,,BLR,2025-09-24T00:05:00.000,,,,BOM,2025-09-23T22:00:00.000,QP1367
scheduled,departure,BA,British Airways,,,,MAA,2025-09-24T00:05:00.000,,,,BOM,2025-09-23T22:00:00.000,BA8792
scheduled,departure,VS,Virgin Atlantic,,,,MAA,2025-09-24T00:05:00.000,,,,BOM,2025-09-23T22:00:00.000,VS8593
scheduled,departure,6E,IndiGo,,,,MAA,2025-09-24T00:05:00.000,,,,BOM,2025-09-23T22:00:00.000,6E5291
scheduled,departure,JL,Jet Linx Aviation,,,,BLR,2025-09-24T00:05:00.000,,,,BOM,2025-09-23T22:00:00.000,JL9774
scheduled,departure,QF,Qantas,,,,BLR,2025-09-24T00:05:00.000,,,,BOM,2025-09-23T22:00:00.000,QF5070
scheduled,departure,VS,Virgin Atlantic,,,,BLR,2025-09-24T00:05:00.000,,,,BOM,2025-09-23T22:00:00.000,VS8504
scheduled,departure,6E,IndiGo,,,,BLR,2025-09-24T00:05:00.000,,,,BOM,2025-09-23T22:00:00.000,6E5388
scheduled,departure,LH,Lufthansa,,,,HYD,2025-09-23T23:55:00.000,,,,BOM,2025-09-23T22:15:00.000,LH5521
scheduled,departure,AI,Air India,,,,HYD,2025-09-23T23:55:00.000,,,,BOM,2025-09-23T22:15:00.000,AI2869
scheduled,departure,VS,Virgin Atlantic,,,,GOI,2025-09-23T23:30:00.000,,,,BOM,2025-09-23T22:15:00.000,VS8544
scheduled,departure,6E,IndiGo,,,,GOI,2025-09-23T23:30:00.000,,,,BOM,2025-09-23T22:15:00.000,6E5106
scheduled,departure,VS,Virgin Atlantic,,,,NAG,2025-09-23T23:55:00.000,,,,BOM,2025-09-23T22:20:00.000,VS8597
scheduled,departure,6E,IndiGo,,,,NAG,2025-09-23T23:55:00.000,,,,BOM,2025-09-23T22:20:00.000,6E278
scheduled,departure,EK,Emirates,,,,DXB,2025-09-24T00:05:00.000,,,2025-09-23T22:25:00.000,BOM,2025-09-23T22:25:00.000,EK509
scheduled,departure,6E,IndiGo,,,,RKT,2025-09-23T23:50:00.000,,,,BOM,2025-09-23T22:25:00.000,6E1491
cancelled,departure,AA,American Airlines,,,,HKG,2025-09-24T07:00:00.000,,,,BOM,2025-09-23T22:30:00.000,AA8888
cancelled,departure,JL,Jet Linx Aviation,,,,HKG,2025-09-24T07:00:00.000,,,,BOM,2025-09-23T22:30:00.000,JL7902
cancelled,departure,OM,Miat - Mongolian Airlines,,,,HKG,2025-09-24T07:00:00.000,,,,BOM,2025-09-23T22:30:00.000,OM5642
cancelled,departure,CX,Cathay Pacific,,,,HKG,2025-09-24T07:00:00.000,,,,BOM,2025-09-23T22:30:00.000,CX696
scheduled,departure,JL,Jet Linx Aviation,,,,DEL,2025-09-24T00:45:00.000,,,,BOM,2025-09-23T22:30:00.000,JL9280
scheduled,departure,KL,KLM,,,,DEL,2025-09-24T00:45:00.000,,,,BOM,2025-09-23T22:30:00.000,KL3663
scheduled,departure,QF,Qantas,,,,DEL,2025-09-24T00:45:00.000,,,,BOM,2025-09-23T22:30:00.000,QF5276
scheduled,departure,VS,Virgin Atlantic,,,,DEL,2025-09-24T00:45:00.000,,,,BOM,2025-09-23T22:30:00.000,VS8525
scheduled,departure,6E,IndiGo,,,,DEL,2025-09-24T00:45:00.000,,,,BOM,2025-09-23T22:30:00.000,6E651
cancelled,departure,SG,SpiceJet,,,,DEL,2025-09-24T00:45:00.000,,,,BOM,2025-09-23T22:35:00.000,SG710
scheduled,departure,6E,IndiGo,,,,DMM,2025-09-23T23:45:00.000,,,,BOM,2025-09-23T22:35:00.000,6E81
scheduled,departure,UL,SriLankan Airlines,,,,AMD,2025-09-24T00:05:00.000,,,,BOM,2025-09-23T22:45:00.000,UL3640
scheduled,departure,AI,Air India,,,,AMD,2025-09-24T00:05:00.000,,,,BOM,2025-09-23T22:45:00.000,AI2919
scheduled,departure,LH,Lufthansa,,,,DEL,2025-09-24T01:00:00.000,,,,BOM,2025-09-23T22:50:00.000,LH5264
scheduled,departure,AI,Air India,,,,DEL,2025-09-24T01:00:00.000,,,,BOM,2025-09-23T22:50:00.000,AI2986
scheduled,departure,EY,Etihad Airways,,,,AUH,2025-09-24T00:30:00.000,,18.0,2025-09-23T23:08:00.000,BOM,2025-09-23T22:50:00.000,EY205
scheduled,departure,SQ,Singapore Airlines,,,,MAA,2025-09-24T00:55:00.000,,,,BOM,2025-09-23T22:55:00.000,SQ4889
scheduled,departure,AI,Air India,,,,MAA,2025-09-24T00:55:00.000,,,,BOM,2025-09-23T22:55:00.000,AI639
scheduled,departure,KL,KLM,,,,HYD,2025-09-24T00:35:00.000,,,,BOM,2025-09-23T23:00:00.000,KL4519
scheduled,departure,VS,Virgin Atlantic,,,,HYD,2025-09-24T00:35:00.000,,,,BOM,2025-09-23T23:00:00.000,VS8562
scheduled,departure,6E,IndiGo,,,,HYD,2025-09-24T00:35:00.000,,,,BOM,2025-09-23T23:00:00.000,6E5393
scheduled,departure,VS,Virgin Atlantic,,,,AMD,2025-09-24T00:25:00.000,,,,BOM,2025-09-23T23:00:00.000,VS8477
scheduled,departure,6E,IndiGo,,,,AMD,2025-09-24T00:25:00.000,,,,BOM,2025-09-23T23:00:00.000,6E6352
scheduled,departure,VS,Virgin Atlantic,,,,HAN,2025-09-24T05:25:00.000,,,,BOM,2025-09-23T23:10:00.000,VS5650
scheduled,departure,VN,Vietnam Airlines,,,,HAN,2025-09-24T05:25:00.000,,,,BOM,2025-09-23T23:10:00.000,VN972
scheduled,departure,SG,SpiceJet,,,,DXB,2025-09-24T01:30:00.000,,35.0,2025-09-23T23:50:00.000,BOM,2025-09-23T23:15:00.000,SG13
scheduled,departure,VS,Virgin Atlantic,,,,LKO,2025-09-24T01:25:00.000,,,,BOM,2025-09-23T23:15:00.000,VS8246
scheduled,departure,6E,IndiGo,,,,LKO,2025-09-24T01:25:00.000,,,,BOM,2025-09-23T23:15:00.000,6E677
scheduled,departure,GA,Garuda Indonesia,,,,KUL,2025-09-24T07:25:00.000,,,2025-09-23T23:25:00.000,BOM,2025-09-23T23:25:00.000,GA8878
scheduled,departure,MH,Malaysia Airlines,,,,KUL,2025-09-24T07:25:00.000,,,2025-09-23T23:25:00.000,BOM,2025-09-23T23:25:00.000,MH195
scheduled,departure,AI,Air India,,,,BLR,2025-09-24T01:35:00.000,,,,BOM,2025-09-23T23:30:00.000,AI2857
scheduled,departure,AC,Air Canada,,,,BKK,2025-09-24T05:35:00.000,,,,BOM,2025-09-23T23:35:00.000,AC7447
scheduled,departure,BR,EVA Air,,,,BKK,2025-09-24T05:35:00.000,,,,BOM,2025-09-23T23:35:00.000,BR3408
scheduled,departure,NH,ANA,,,,BKK,2025-09-24T05:35:00.000,,,,BOM,2025-09-23T23:35:00.000,NH5950
scheduled,departure,OZ,Asiana Airlines,,,,BKK,2025-09-24T05:35:00.000,,,,BOM,2025-09-23T23:35:00.000,OZ6775
scheduled,departure,TG,Thai Airways International,,,,BKK,2025-09-24T05:35:00.000,,,,BOM,2025-09-23T23:35:00.000,TG318
scheduled,departure,GA,Garuda Indonesia,,,,SIN,2025-09-24T07:40:00.000,,,,BOM,2025-09-23T23:40:00.000,GA8973
scheduled,departure,NH,ANA,,,,SIN,2025-09-24T07:40:00.000,,,,BOM,2025-09-23T23:40:00.000,NH6277
scheduled,departure,NZ,Air New Zealand,,,,SIN,2025-09-24T07:40:00.000,,,,BOM,2025-09-23T23:40:00.000,NZ3203
scheduled,departure,SQ,Singapore Airlines,,,,SIN,2025-09-24T07:40:00.000,,,,BOM,2025-09-23T23:40:00.000,SQ423
scheduled,departure,JL,Jet Linx Aviation,,,,DEL,2025-09-24T02:00:00.000,,,,BOM,2025-09-23T23:45:00.000,JL8463
scheduled,departure,QF,Qantas,,,,DEL,2025-09-24T02:00:00.000,,,,BOM,2025-09-23T23:45:00.000,QF5284
scheduled,departure,TK,Turkish Airlines,,,,DEL,2025-09-24T02:00:00.000,,,,BOM,2025-09-23T23:45:00.000,TK4735
scheduled,departure,VS,Virgin Atlantic,,,,DEL,2025-09-24T02:00:00.000,,,,BOM,2025-09-23T23:45:00.000,VS8532
scheduled,departure,6E,IndiGo,,,,DEL,2025-09-24T02:00:00.000,,,,BOM,2025-09-23T23:45:00.000,6E2007
scheduled,departure,QP,Akasa Air,,,,BLR,2025-09-24T01:55:00.000,,,,BOM,2025-09-23T23:55:00.000,QP1738
scheduled,departure,JL,Jet Linx Aviation,,,,BLR,2025-09-24T02:05:00.000,,,,BOM,2025-09-24T00:05:00.000,JL9746
scheduled,departure,QF,Qantas,,,,BLR,2025-09-24T02:05:00.000,,,,BOM,2025-09-24T00:05:00.000,QF5066
scheduled,departure,VS,Virgin Atlantic,,,,BLR,2025-09-24T02:05:00.000,,,,BOM,2025-09-24T00:05:00.000,VS8501
scheduled,departure,6E,IndiGo,,,,BLR,2025-09-24T02:05:00.000,,,,BOM,2025-09-24T00:05:00.000,6E697
scheduled,departure,SL,Thai Lion Air,,,,DMK,2025-09-24T06:00:00.000,,,,BOM,2025-09-24T00:10:00.000,SL219
scheduled,departure,QP,Akasa Air,,,,COK,2025-09-24T02:20:00.000,,,,BOM,2025-09-24T00:25:00.000,QP1520
scheduled,departure,TK,Turkish Airlines,,,,IST,2025-09-24T04:55:00.000,,,,BOM,2025-09-24T00:25:00.000,TK6233
scheduled,departure,QP,Akasa Air,,,,CCU,2025-09-24T03:30:00.000,,,,BOM,2025-09-24T00:35:00.000,QP1172
scheduled,departure,AI,Air India,,,,DEL,2025-09-24T02:55:00.000,,,,BOM,2025-09-24T00:35:00.000,AI9485
scheduled,departure,IX,Air India Express,,,,DEL,2025-09-24T02:55:00.000,,,,BOM,2025-09-24T00:35:00.000,IX1124
